iso3,pa_marine_area,pa_land_area,marine_area,land_area,percentage_pa_land_cover,percentage_pa_marine_cover,oecms_pa_marine_area,oecms_pa_land_area,percentage_oecms_pa_marine_cover,percentage_oecms_pa_land_cover,percentage_nr_land_cover,percentage_nr_marine_cover,nr_version,nr_report_url
ABNJ,2608285.399,0,235080140,0,0,1.10953,2608285.399,0,1.109530307,0,na,na,na,na
ABW,0.026514,35.833833,25213.94735,189.420844,18.91758,0.000105,0.026514,35.833833,0.000105156,18.91757646,na,na,na,na
AFG,0,23383.89116,0,642899.1342,3.637257,0,0,23383.89116,0,3.637256595,na,na,0,No information found in 5th National Report
AGO,24.341169,87506.59246,493753.373,1255217.852,6.971426,0.00493,24.341169,87506.59246,0.004929823,6.971426697,12.5,na,5,https://www.cbd.int/doc/world/ao/ao-nr-05-en.pdf
AIA,62.727558,9.528067,92653.59144,85.524417,11.14076,0.067701,62.727558,9.528067,0.067701162,11.14075645,na,na,na,na
ALA,428.806675,25.755232,0,0,0,0,428.806675,25.755232,0,0,na,na,na,na
ALB,317.982216,5343.929138,11199.39919,28746.5563,18.58981,2.839279,317.982216,5343.929138,2.839279238,18.58980631,15.83,na,5,https://www.cbd.int/doc/world/al/al-nr-05-en.pdf
AND,0,126.120308,0,471.870724,26.72772,0,0,126.120308,0,26.72772469,35.7,0,6,https://chm.cbd.int/pdf/documents/nationalReport6/241228/1
ARE,6281.072755,13724.22686,54711.04352,70921.45739,19.35131,11.48045,6281.072755,13724.22686,11.48044773,19.35130406,na,na,0,na
ARG,127449.1888,236109.4891,1083150.624,2785327.721,8.476902,11.76653,127449.1888,236109.4891,11.76652498,8.476901563,na,na,0,na
ARM,0,7215.157913,0,29685.40559,24.3054,0,0,7215.157913,0,24.30540452,13.1,na,5,https://www.cbd.int/doc/world/am/am-nr-05-en.pdf
ASM,8.980718,1.779289,406816.029,210.578755,0.844952,0.002208,8.980718,1.779289,0.002207562,0.844951809,na,na,0,na
ATA,4774.711754,0,0,0,0,0,4774.711754,0,0,0,na,na,0,na
ATF,1658647.289,7847.146197,2277432,7855.43,99.89455,72.82972,1658647.289,7847.146197,72.82971736,99.89454679,na,na,0,na
ATG,324.943977,95.612934,108492.3833,455.237976,21.00285,0.299509,324.943977,95.612934,0.299508562,21.00284665,na,na,5,https://www.cbd.int/doc/world/ag/ag-nr-05-en.pdf
AUS,3035629.855,1570579.983,7432133.367,7722102.022,20.33876,40.84466,3035629.855,1570579.983,40.84466337,20.3387624,16.25,36.2,5,https://www.cbd.int/doc/world/au/au-nr-05-en.pdf
AUT,0,24413.7006,0,83912.25912,29.09432,0,0,24413.7006,0,29.0943193,27,na,5,https://www.cbd.int/doc/world/at/at-nr-05-en.pdf
AZE,345.314137,8798.362587,79032.11878,86639.62334,10.15513,0.436929,345.314137,8798.362587,0.436928862,10.15512562,10.3,na,5,https://www.cbd.int/doc/world/az/az-nr-05-en.pdf
BDI,0,2065.705683,0,27210.87243,7.591472,0,0,2065.705683,0,7.591471713,na,na,5,https://www.cbd.int/doc/world/bi/bi-nr-05-fr.pdf
BEL,1270.09226,4732.903673,3465.140147,30683.07213,15.42513,36.65342,1270.09226,4732.903673,36.65341678,15.4251297,12.77,35.85,6,https://chm.cbd.int/database/record/190C2BA4-9F5C-AD89-32B5-778480AB2C5B
BEN,0,34369.59639,30425.6792,116095.3632,29.60462,0,0,34369.59639,0,29.60462454,20.16,na,5,https://www.cbd.int/doc/world/bj/bj-nr-05-fr.pdf
BES,25111.91319,91.604646,25112.35272,322.852496,28.37353,99.99825,25111.91319,91.604646,99.99824975,28.37352882,na,na,0,na
BFA,0,45334.8508,0,276403.7182,16.40168,0,0,45334.8508,0,16.40167907,na,na,0,na
BGD,4530.002605,6455.725175,84563.21214,140160.1678,4.605963,5.356943,4530.002605,6455.725175,5.356942446,4.605962789,1.8,2.05,5,https://www.cbd.int/doc/world/bd/bd-nr-05-en.pdf
BGR,2851.852747,45502.60744,35171.8505,110862.7479,41.04409,8.108338,2851.852747,45502.60744,8.108338647,41.04409128,34,na,5,https://www.cbd.int/doc/world/bg/bg-nr-05-en.pdf
BHR,94.820117,45.481965,7632.763476,686.857403,6.621748,1.242278,94.820117,45.481965,1.24227768,6.621747804,na,na,5,https://www.cbd.int/doc/world/bh/bh-nbsap-v2-en.pdf
BHS,47355.48699,4930.158571,597705.1345,13458.00624,36.63365,7.922884,47355.48699,4930.158571,7.922884422,36.63364754,na,na,0,na
BIH,0,1857.810688,12.763205,51225.15128,3.626755,0,0,1857.810688,0,3.626754908,2,na,5,https://www.cbd.int/doc/world/ba/ba-nr-05-en.pdf
BLM,4243.890987,5.112033,4317.87991,25.109707,20.35879,98.28645,4243.890987,5.112033,98.28645251,20.35879192,na,na,0,na
BLR,0,19383.06377,0,207228.0654,9.353494,0,0,19383.06377,0,9.353493567,8.72,0,6,https://chm.cbd.int/pdf/documents/nationalReport6/241352/1
BLZ,3994.435996,8372.049228,36249.83866,22297.76618,37.54658,11.01918,3994.435996,8372.049228,11.01918283,37.54658274,36.6,19.8,6,https://chm.cbd.int/database/record/7E3D234F-E8AD-520C-C92B-490CE2806718
BMU,0.254821,1.507493,451643.6848,72.478422,2.079919,0.000056,0.254821,1.507493,5.64208E-05,2.079919731,na,na,0,na
BOL,0,336406.5863,0,1089908.94,30.86557,0,0,336406.5863,0,30.86556811,23,na,5,https://www.cbd.int/doc/world/bo/bo-nr-05-es.pdf
BRA,985041.6658,2582477.688,3672584.326,8529399.243,30.27737,26.82149,985041.6658,2582477.688,26.82148532,30.27736906,16,1.5,5,https://www.cbd.int/doc/world/br/br-nr-05-en.pdf
BRB,10.321249,5.640151,185019.8485,444.068519,1.270108,0.005578,10.321249,5.640151,0.005578455,1.270108274,na,na,0,na
BRN,51.679209,2794.368892,25698.41824,5961.686662,46.87212,0.201099,51.679209,2794.368892,0.201098793,46.87211943,41,na,5,https://www.cbd.int/doc/world/bn/bn-nr-05-en.pdf
BTN,0,19834.69834,0,39933.48814,49.66933,0,0,19834.69834,0,49.66933583,51.44,na,6,https://chm.cbd.int/database/record/780672FC-714D-DCB8-463B-8C13757C89D1
BVT,13.870359,43.986608,440224.3515,50.639751,86.86182,0.003151,13.870359,43.986608,0.003150748,86.86181731,na,na,0,na
BWA,0,169369.804,0,581162.9215,29.14326,0,0,169369.804,0,29.14325703,29.1,na,6,https://chm.cbd.int/database/record/79991C85-C09A-E604-22B4-60A04E4C873D
CAF,0,112827.1133,0,624568.0306,18.06482,0,0,112827.1133,0,18.06482365,41,na,5,https://www.cbd.int/doc/world/cf/cf-nr-05-fr.pdf
CAN,500572.1114,985944.5796,5698082.708,9955032.941,9.903981,8.784922,714832.1114,1027431.58,12.545134,10.32072506,10.5,7.7,6,https://chm.cbd.int/database/record/C54338B1-F853-7542-B2AD-34985A78BE08
CCK,26.294474,0,470116.606,17.948331,0,0.005593,26.294474,0,0.005593181,0,na,na,0,na
CHE,0,4945.581727,0,41355.27022,11.95877,0,0,4945.581727,0,11.95877019,12.5,0,6,https://chm.cbd.int/database/record/79437B02-8838-F9E7-B0BB-571AB9CB6F30
CHL,1511390.457,158788.001,3657313.03,759820.962,20.89808,41.32516,1511390.457,158788.001,41.32515989,20.89808112,20,4.3,5,https://www.cbd.int/doc/world/cl/cl-nr-05-es.pdf
CHN,48125.64643,1461913.138,878364.0892,9361608.881,15.61605,5.479009,48125.64643,1461913.138,5.479008878,15.61604588,14.86,na,6,https://chm.cbd.int/database/record/C7B6BC32-C06D-B09C-BFF8-7D265F24DBE6
CIV,126.892829,74418.77849,174842.1752,324107.7064,22.96113,0.072576,126.892829,74418.77849,0.072575641,22.96112589,na,na,6,https://chm.cbd.int/database/record/6C5CE2DC-C057-ADCB-6424-0F485C7DEFEA
CMR,1601.57256,51397.0422,14704.2551,469428.0915,10.94886,10.8919,1601.57256,51397.0422,10.89189863,10.94886376,22,na,6,https://chm.cbd.int/database/record/9AC174A3-DA9D-FD8C-764C-E2691FA90EE8
COD,31.363659,324289.6789,13265.40707,2344275.114,13.83326,0.236432,31.363659,324289.6789,0.236431938,13.83326031,11,na,5,https://www.cbd.int/doc/world/cd/cd-nr-05-fr.pdf
COG,1200.112028,126472.1726,39863.59306,343736.7395,36.79332,3.010546,1200.112028,126472.1726,3.010546556,36.79332409,13.2,0,0,na
COK,1981931.214,64.921382,1972842.358,258.141911,25.14949,100.4607,1981931.214,64.921382,100.4606985,25.14949306,1,na,5,https://www.cbd.int/doc/world/ck/ck-nr-05-en.pdf
COL,125436.9685,193617.9162,730741.8263,1145032.899,16.90938,17.1657,125436.9685,193617.9162,17.16570258,16.90937583,11.27,1.5,National Biodiversity Strategy and Action Plan (v.3),https://www.cbd.int/doc/world/co/co-nbsap-v3-es.pdf
COM,619.779083,574.17537,165505.135,1701.123719,33.75271,0.374477,619.779083,574.17537,0.374477253,33.75271085,22,na,5,https://www.cbd.int/doc/world/km/km-nr-05-fr.pdf
CPV,5.423162,120.123431,801065.1343,4148.996795,2.89524,0.000677,5.423162,120.123431,0.000676994,2.89524039,na,na,0,na
CRI,15720.71399,14673.32168,576110.183,51636.14199,28.41677,2.728769,15720.71399,14673.32168,2.728768637,28.41676607,26,2.7,6,https://chm.cbd.int/database/record/158F6797-D2D0-91DF-E1D1-55EF84D295E0
CUB,14089.82311,18118.74127,365755.7493,111643.2783,16.22914,3.852249,14089.82311,18118.74127,3.85224925,16.22913761,na,na,0,na
CUW,11.656382,71.009581,30535.00449,450.975385,15.74578,0.038174,11.656382,71.009581,0.038173834,15.74577757,na,na,na,na
CXR,0.753374,87.645896,330035.5,142.416955,61.54176,0.000228,0.753374,87.645896,0.000228271,61.54175674,na,na,na,na
CYM,92.901287,31.133127,119605.4547,289.266866,10.76277,0.077673,92.901287,31.133127,0.077673119,10.76276984,na,na,na,na
CYP,8472.222568,3498.329143,98279.50173,9063.433945,38.59827,8.620539,8472.222568,3498.329143,8.620538788,38.59827483,na,na,5,https://www.cbd.int/doc/world/cy/cy-nr-05-en.pdf
CZE,0,17268.14706,0,77916.89786,22.16226,0,0,17268.14706,0,22.16226201,na,na,6,https://chm.cbd.int/database/record/C94184E8-C30E-C894-DD41-0F1C62E7AD6A
DEU,25580.09677,135165.6099,56357.93768,357584.3854,37.79964,45.38863,25580.09677,135165.6099,45.3886317,37.79963987,na,0,5,https://www.cbd.int/doc/world/de/de-nr-05-en.pdf
Disputed,0,0,2199177.4,241966.7,0,0,0,0,0,0,,,,
DJI,11.802761,343.960179,7031.12303,21843.65212,1.574646,0.167865,11.802761,343.960179,0.167864521,1.57464593,,,,na
DMA,10.00158,168.277831,28749.1828,766.22784,21.96185,0.034789,10.00158,168.277831,0.034789093,21.96185289,,,,https://www.cbd.int/doc/world/dm/dm-nbsap-v2-en.pdf
DNK,18408.28244,7690.512372,100469.7507,45314.39778,16.97145,18.32221,18408.28244,7690.512372,18.32221371,16.97145444,,,,https://www.cbd.int/doc/world/dk/dk-nr-05-en.pdf
DOM,48624.97645,12727.39737,270774.1738,48509.80547,26.23675,17.95776,48624.97645,12727.39737,17.95776006,26.23675203,,,,https://chm.cbd.int/database/record/4CAD6958-68E8-A0AB-E856-852720AD7CF8
DZA,87.744377,107865.0166,128992.9935,2324458.588,4.640436,0.068023,87.744377,1236757.017,0.068022591,53.20624008,,,,https://chm.cbd.int/pdf/documents/nationalReport6/241357/1
ECU,144122.7596,57706.10802,1079901.071,258138.6687,22.35469,13.34592,144122.7596,57706.10802,13.34592247,22.35469343,,,,https://chm.cbd.int/database/record/6120BF7A-BD24-5225-9DEF-4D4BE3AD3799
EGY,11715.81678,129389.8156,236612.0565,984997.4881,13.13605,4.951488,11715.81678,129389.8156,4.951487659,13.13605538,14.6,na,0,na
ERI,0,5936.248417,78827.41736,121834.4031,4.872391,0,0,5936.248417,0,4.872390938,na,na,0,na
ESH,513.09949,616.149781,252024.2549,268339.2162,0.229616,0.203591,513.09949,616.149781,0.203591313,0.229616002,na,na,0,na
ESP,128316.4717,142573.485,1005717.296,507013.405,28.12026,12.7587,128316.4717,142573.485,12.75870189,28.12025946,27.3,8,0,na
EST,6825.428384,9632.983518,36346.36825,45416.48284,21.21033,18.77884,6825.428384,9632.983518,18.77884563,21.21032479,18.8,27,6,https://chm.cbd.int/database/record/E23CB1F7-405F-D3C8-C1A5-8D2912E49CCE
ETH,0,182396.2743,0,1135429.227,16.06408,0,0,182396.2743,0,16.06408131,14,na,6,https://chm.cbd.int/database/record/86A4EACE-5D8E-479D-CD33-319D77EA9032
FIN,9525.707016,44913.48018,79467.83379,337725.5344,13.29881,11.98687,9525.707016,44913.48018,11.98687137,13.2988109,13.8,17,6,https://chm.cbd.int/database/record/8BC90B3F-3587-ED1A-0BE5-FBA1287318A4
FJI,11959.01449,1036.512388,1293034.72,19154.95614,5.411197,0.92488,11959.01449,1036.512388,0.924879611,5.411196874,2.7,na,5,https://www.cbd.int/doc/world/fj/fj-nr-05-en.pdf
FLK,52.093517,61.100176,549091.6441,12400.947,0.492706,0.009487,52.093517,61.100176,0.009487217,0.492705727,na,na,0,na
FRA,173159.1683,149758.7314,343866.3878,548954.0701,27.28074,50.35653,173159.1683,149758.7314,50.35652639,27.28073979,29.5,22.91,6,https://chm.cbd.int/database/record/C838741D-098B-3BAC-AE88-3EDACDB092EA
FRO,28.889108,33.786873,266720.4336,1450.644909,2.329093,0.010831,28.889108,33.786873,0.010831232,2.329093274,na,na,0,na
FSM,475.050992,0.401738,3011916.98,817.158681,0.049163,0.015772,475.050992,0.401738,0.01577238,0.049162789,na,na,5,https://www.cbd.int/doc/world/fm/fm-nr-05-en.pdf
GAB,55720.64663,59707.74205,193292.3301,266044.6066,22.44276,28.82714,55720.64663,59707.74205,28.82713794,22.44275605,na,na,0,na
GBR,319765.3296,70477.85487,723404.7034,245247.5873,28.73743,44.20283,319765.3296,70477.85487,44.202827,28.73743046,28,24,6,https://chm.cbd.int/database/record/A8D6330F-38E5-1E72-50A3-406ABFBB9612
GEO,152.96289,6500.824045,22907.00911,69971.96837,9.290612,0.667756,152.96289,6500.824045,0.667755835,9.290611936,8.62,na,5,https://www.cbd.int/doc/world/ge/ge-nr-05-en.pdf
GGY,33.480134,3.42847,8672.655691,85.559741,4.007107,0.386043,33.480134,9.42847,0.386042467,11.01975052,na,na,0,na
GHA,219.256985,35674.7198,226758.5827,240329.9832,14.84406,0.096692,219.256985,35674.7198,0.096691813,14.84405704,20.66,na,National Biodiversity Strategy and Action Plan (v.2),https://www.cbd.int/doc/world/gh/gh-nbsap-v2-en.pdf
GIB,0,0.350582,426.745945,7.483277,4.684869,0,0,0.350582,0,4.684872683,na,na,0,na
GIN,583.248819,88286.16984,110136.2872,246426.8074,35.82653,0.52957,583.248819,88286.16984,0.529570075,35.82652827,15,na,5,https://www.cbd.int/doc/world/gn/gn-nr-05-fr.pdf
GLP,90959.18636,1172.00392,91039.08888,1678.541217,69.82277,99.91223,90959.18636,1172.00392,99.91223273,69.82276682,na,na,0,na
GMB,137.346684,830.357895,22745.53308,10757.9084,7.718581,0.60384,137.346684,830.357895,0.603840251,7.718581197,6.4,7.4,6,https://chm.cbd.int/database/record/72F99C09-A17F-497F-7B00-EE38CDE69E5D
GNB,9573.85604,8954.124362,106506.6285,34015.72123,26.32349,8.988976,9573.85604,8954.124362,8.988976719,26.3234882,13.75,12.63,National Biodiversity Strategy and Action Plan (v.2),https://www.cbd.int/doc/world/gw/gw-nbsap-v2-en.pdf
GNQ,729.714846,5228.231142,310365.4119,27136.01782,19.26676,0.235115,729.714846,5228.231142,0.235114745,19.26675895,na,na,0,na
GRC,22326.03257,46842.03965,494172.4508,133012.2689,35.21633,4.517863,22326.03257,46842.03965,4.517862648,35.21633007,21,6,5,https://www.cbd.int/doc/world/gr/gr-nr-05-en.pdf
GRD,25.765263,35.630484,26281.5155,373.565244,9.537955,0.098036,25.765263,35.630484,0.098035682,9.537954768,na,na,5,https://www.cbd.int/doc/world/gd/gd-nr-05-en.pdf
GRL,102254.1019,885525.0131,2264467.117,2154016.464,41.11041,4.515592,102254.1019,885525.0131,4.515592262,41.11041062,na,na,0,na
GTM,953.773734,22115.56234,118336.3927,109922.2585,20.11928,0.805985,953.773734,22115.56234,0.805985135,20.11927578,31.06,na,5,https://www.cbd.int/doc/world/gt/gt-nr-05-es.pdf
GUF,1365.476306,43588.10657,136563.8487,83034.50925,52.49397,0.999881,1365.476306,43588.10657,0.999881242,52.49396542,na,na,0,na
GUM,37.032027,14.949185,202535.0554,561.240901,2.663595,0.018284,37.032027,14.949185,0.018284255,2.663595075,na,na,0,na
GUY,25.855686,17952.53575,136909.9886,211200.2683,8.500243,0.018885,25.855686,17952.53575,0.018885171,8.500242871,8.6,na,0,https://www.cbd.int/doc/world/gy/gy-nbsap-v3-en.pdf
HKG,77.63466,461.758922,0,1102.47934,41.88368,0,77.63466,461.758922,0,41.88368029,na,na,0,na
HMD,70453.52882,391.198904,416110.9534,391.198904,100,16.93143,70453.52882,391.198904,16.93142856,100,na,na,0,na
HND,10070.08933,26567.52461,219971.1738,113291.4823,23.45059,4.577913,10070.08933,26567.52461,4.577913167,23.45059316,27,0,0,https://www.cbd.int/doc/world/hn/hn-nbsap-v2-es.pdf
HRV,4986.848226,21810.9776,55462.35822,56855.88522,38.36187,8.99141,4986.848226,21810.9776,8.991410365,38.36186441,12.2,1.94,5,https://www.cbd.int/doc/world/hr/hr-nr-05-en.pdf
HTI,1812.872701,1954.3493,123867.1844,27390.24191,7.135203,1.463562,1812.872701,1954.3493,1.463561726,7.135202773,6.28,na,5,https://www.cbd.int/doc/world/ht/ht-nr-05-fr.pdf
HUN,0,21047.74695,0,93142.45067,22.59737,0,0,21047.74695,0,22.59737295,22.2,0,5,https://www.cbd.int/doc/world/hu/hu-nr-05-en.pdf
IDN,181864.6695,231945.7149,5947954.167,1906555.047,12.1657,3.0576,181864.6695,231945.7149,3.057600386,12.16569725,22,na,5,https://www.cbd.int/doc/world/id/id-nr-05-en.pdf
IMN,419.422848,31.751404,0,582.226592,5.453444,0,419.422848,31.751404,0,5.45344449,na,na,0,na
IND,3928.327364,182646.7039,2301226.499,3061193.496,5.966519,0.170706,3928.327364,182646.7039,0.170705811,5.966519403,na,na,6,https://chm.cbd.int/database/record/93FF87C5-5D5D-B150-2A0F-5D3AF67E77C9
IOT,642270.8732,68.952846,642744.6863,68.952846,100,99.92628,642270.8732,68.952846,99.92628284,100,na,na,0,na
IRL,9943.921536,10123.20646,426441.7422,70128.37704,14.43525,2.331836,9943.921536,10123.20646,2.331835877,14.43524988,14,1.4,5,https://www.cbd.int/doc/world/ie/ie-nr-05-en.pdf
IRN,1808.644138,140225.7781,224800.6295,1627857.17,8.614133,0.804555,1808.644138,140225.7781,0.804554748,8.614132779,10.4,na,5,https://www.cbd.int/doc/world/ir/ir-nr-05-en.pdf
IRQ,0,6713.746023,595.830425,437830.5052,1.533412,0,0,6713.746023,0,1.533412118,na,na,0,na
ISL,3170.012729,20353.51981,752783.5116,102301.7663,19.89557,0.421106,3170.012729,20353.51981,0.421105494,19.89557027,na,na,0,https://chm.cbd.int/database/record/BF781FE9-A0CB-A201-0EAA-F59EC1EC1EFA
ISR,11.840292,5132.611984,27855.0403,20958.0329,24.48995,0.042507,11.840292,5132.611984,0.042506821,24.48995098,21,na,5,https://www.cbd.int/doc/world/il/il-nr-05-en.pdf
ITA,52464.94709,64766.99988,538880.953,301335.3097,21.49333,9.735907,52464.94709,64766.99988,9.735906751,21.49333244,21,19.1,6,https://chm.cbd.int/database/record/075ADA4C-96AD-4864-9C6C-D252F644A314
JAM,1859.991697,1760.198539,246488.4991,11058.94539,15.91651,0.754596,1859.991697,1760.198539,0.754595733,15.91651352,18,15,5,https://www.cbd.int/doc/world/jm/jm-nr-05-en.pdf
JEY,185.03376,22.230736,2962.105951,125.218467,17.75356,6.246696,185.03376,22.230736,6.246696204,17.75356026,na,na,0,na
JOR,0.919867,4013.048017,93.665949,89689.84024,4.474362,0.982071,0.919867,4013.048017,0.982071937,4.474361875,1.6,25,6,https://chm.cbd.int/database/record/E3AD5C2C-E18B-0515-2B13-B5906FB9C971
JPN,332690.587,109936.665,4040612.297,374092.7945,29.38754,8.233667,332690.587,109936.665,8.233667637,29.38753876,na,8.3,6,https://chm.cbd.int/database/record/134290A2-76E8-AF7A-E322-14E20399677D
KAZ,60409.56045,272794.8573,119085.0237,2719827.869,10.02986,50.72809,60409.56045,272794.8573,50.72809206,10.02985742,8.96,na,6,https://chm.cbd.int/database/record/104097C9-32D6-85B6-4630-6D69CC6DC2EF
KEN,857.477731,72889.93934,112400.4482,586770.0015,12.42223,0.762877,857.477731,72889.93934,0.762877502,12.42223344,8,na,5,https://www.cbd.int/doc/world/ke/ke-nr-05-en.pdf
KGZ,0,13408.46315,0,199957.0236,6.705673,0,0,13408.46315,0,6.705672503,7.38,na,6,https://chm.cbd.int/database/record/411B9A5E-1A4D-858E-3E40-643E17C4E9CC
KHM,691.469848,72527.31997,47966.8519,182510.8526,39.73864,1.441558,691.469848,72527.31997,1.441557702,39.73863414,18,na,5,https://www.cbd.int/doc/world/kh/kh-nr-05-en.pdf
KIR,408796.5464,230.885727,3459130.413,1032.564654,22.36041,11.8179,408796.5464,230.885727,11.81789923,22.36041357,na,na,0,na
KNA,408.210603,62.014371,10262.9088,270.825058,22.89831,3.977533,408.210603,62.014371,3.977533181,22.89831357,na,na,6,https://chm.cbd.int/database/record/C0A7116F-F642-2089-08C4-81605C16F1BC
KOR,7979.394194,16692.13546,324993.7978,99712.88376,16.7402,2.455245,7979.394194,16692.13546,2.455245069,16.74019929,11.57,1.4,6,https://chm.cbd.int/database/record/37C38AFC-AF9F-168E-B555-2EBA21CF2DCD
KWT,162.289134,2979.114917,11895.81218,17417.87587,17.10378,1.364254,162.289134,2979.114917,1.364254341,17.10377855,20,3,5,https://www.cbd.int/doc/world/kw/kw-nr-05-ar.pdf
LAO,0,43219.86876,0,231276.1399,18.68756,0,0,43219.86876,0,18.68756059,18,na,0,na
LBN,40.839545,268.277274,19315.84107,10329.04876,2.597309,0.21143,40.839545,268.277274,0.211430322,2.597308622,na,na,0,na
LBR,256.049624,3916.367591,247767.6811,96634.42399,4.052766,0.103343,256.049624,3916.367591,0.103342624,4.052766529,na,na,5,https://www.cbd.int/doc/world/lr/lr-nr-05-en.pdf
LBY,2267.908302,2084.166442,357895.3125,1622615.431,0.128445,0.633679,2267.908302,2084.166442,0.633679242,0.12844488,na,na,0,na
LCA,34.007036,116.653527,15560.30791,622.311137,18.74521,0.21855,34.007036,116.653527,0.218549891,18.7452096,na,na,0,na
LIE,0,71.223334,0,167.064349,42.63227,0,0,71.223334,0,42.63227578,12.3,0,5,https://www.cbd.int/doc/world/li/li-nr-05-en.pdf
LKA,398.564426,19897.4988,534085.0497,66631.50337,29.862,0.074626,398.564426,19897.4988,0.074625647,29.8619989,28,na,5,https://www.cbd.int/doc/world/lk/lk-nr-05-en.pdf
LSO,0,153.438412,0,30494.99377,0.503159,0,0,153.438412,0,0.503159349,na,na,0,na
LTU,1567.706297,11027.65458,6125.653875,64696.51583,17.04521,25.59247,1567.706297,11027.65458,25.59247272,17.04520628,na,na,0,na
LUX,0,1333.04901,0,2603.081524,51.21042,0,0,1333.04901,0,51.2104211,27,na,6,https://chm.cbd.int/database/record/7C393CC4-D665-CE1D-B971-CD4271602FB8
LVA,4631.671906,11734.65049,28879.55287,64501.94768,18.19271,16.03789,4631.671906,11734.65049,16.03789341,18.19270722,17,na,5,https://www.cbd.int/doc/world/lv/lv-nr-05-en.pdf
MAF,1030.535376,7.609153,1068.741983,59.578286,12.77169,96.42509,1030.535376,7.609153,96.42508598,12.77168833,na,na,0,na
MAR,1904.2686,17382.35496,276136.4075,407280.495,4.267908,0.689612,1904.2686,17382.35496,0.689611565,4.267907542,16.2,na,6,https://chm.cbd.int/database/record/650BA56F-8B7E-91A7-6622-56AEEEDD28CE
MCO,283.522868,0.528888,284.22031,1.595194,33.15511,99.75462,283.522868,0.528888,99.75461219,33.1550896,na,na,5,https://www.cbd.int/doc/world/mc/mc-nr-05-fr.pdf
MDA,0,1409.67766,0,33963.76161,4.150535,0,0,1409.67766,0,4.15053455,5.8,0,6,https://chm.cbd.int/database/record/7320428F-D31E-FD33-F7FE-48CC53E2EB23
MDG,11017.95793,44521.09838,1205824.849,594718.7259,7.486076,0.913728,11017.95793,44521.09838,0.913727889,7.486076432,na,na,5,https://www.cbd.int/doc/world/mg/mg-nr-05-en.pdf
MDV,623.301291,6.999289,922109.9914,304.666095,2.297364,0.067595,623.301291,6.999289,0.067595113,2.297363939,na,na,5,https://www.cbd.int/doc/world/mv/mv-nr-05-en.pdf
MEX,707955.6478,284800.9268,3284659.67,1965284.828,14.49159,21.55339,707955.6478,284800.9268,21.55339423,14.49158528,12.9,21,6,https://www.cbd.int/doc/world/mx/mx-nr-05-es.pdf
MHL,5388.396257,33.593723,2004587.264,281.928035,11.91571,0.268803,5388.396257,33.593723,0.268803277,11.91570856,16,18,5,na
MKD,0,2279.034304,0,25443.14057,8.957362,0,0,2279.034304,0,8.957362388,na,0,0,na
MLI,0,94591.23869,0,1256684.114,7.52705,0,0,94591.23869,0,7.527049767,na,na,0,na
MLT,4146.582272,99.555603,55696.65564,324.970466,30.63528,7.44494,4146.582272,99.555603,7.444939421,30.63527718,13,na,5,https://www.cbd.int/doc/world/mt/mt-nr-05-en.pdf
MMR,2456.796056,44288.96636,514147.2175,673078.5676,6.580059,0.477839,2456.796056,44288.96636,0.477839026,6.580058925,8.7,na,6,https://chm.cbd.int/database/record/F7636AF4-F0E7-CAAE-ED0A-CE0E9F3A7F9C
MNE,5.381526,1908.49043,7459.237226,13847.56188,13.78214,0.072146,5.381526,1908.49043,0.072145795,13.78214047,9.05,na,5,https://www.cbd.int/doc/world/me/me-nr-05-en.pdf
MNG,0,310015.4251,0,1565864.159,19.79836,0,0,310015.4251,0,19.79836011,17.4,0,5,https://www.cbd.int/doc/world/mn/mn-nr-05-en.pdf
MNP,247321.6123,38.389231,773667.8566,501.224059,7.659096,31.96741,247321.6123,38.389231,31.96741472,7.65909583,na,na,na,na
MOZ,12326.33722,233248.9061,574409.6185,791081.8731,29.4848,2.145914,12326.33722,233248.9061,2.145914139,29.48479974,26,na,5,https://www.cbd.int/doc/world/mz/mz-nr-05-en.pdf
MRT,6487.581023,6507.878451,156197.8626,1046302.522,0.621988,4.153438,6487.581023,6507.878451,4.153437772,0.621988222,na,na,5,https://www.cbd.int/doc/world/mr/mr-nr-05-fr.pdf
MSR,0.003677,11.182345,7628.258983,100.664381,11.10854,0.000048,0.003677,11.182345,4.82023E-05,11.10854196,na,na,na,na
MTQ,47904.70499,926.042636,47644.30608,1149.925062,80.53069,100.5465,47904.70499,926.042636,100.5465478,80.53069427,na,na,na,na
MUS,49.64392,97.460291,1280068.317,2062.481937,4.725389,0.003878,49.64392,97.460291,0.003878224,4.725388827,7.6,na,5,https://www.cbd.int/doc/world/mu/mu-nr-05-en.pdf
MWI,0,27190.40931,0,118859.7323,22.87605,0,0,27190.40931,0,22.87604791,na,na,5,https://www.cbd.int/doc/world/mw/mw-nr-05-en.pdf
MYS,14930.13299,44204.65264,451741.5382,331700.5726,13.32667,3.305017,14930.13299,44204.65264,3.305016636,13.3266736,na,1.4,5,https://www.cbd.int/doc/world/my/my-nr-05-en.pdf
MYT,112513.3156,55.245453,63362.33751,396.377408,13.93759,100,112513.3156,55.245453,177.5712829,13.93758874,na,na,0,na
NAM,9646.27499,313534.3569,562727.6243,827465.4339,37.89093,1.7142,9646.27499,313534.3569,1.714199654,37.89093104,16.7,na,5,https://www.cbd.int/doc/world/na/na-nr-05-en.pdf
NCL,1320501.093,11419.19727,1371803.153,19141.03171,59.65821,96.26025,1320501.093,11419.19727,96.26024627,59.65821197,na,na,na,na
NER,0,216586.306,0,1190098.655,18.19902,0,0,216586.306,0,18.19902115,15.21,0,6,https://chm.cbd.int/database/record/AB3C2537-889F-115F-3B85-E42EA3C3B1EC
NFK,189083.8871,19.607996,432638.0836,42.778966,45.8356,43.70486,189083.8871,19.607996,43.70486425,45.83560061,na,na,na,na
NGA,30.555979,127359.0343,182868.1867,914306.1122,13.92958,0.016709,30.555979,127359.0343,0.016709292,13.92958361,6,na,5,https://www.cbd.int/doc/world/ng/ng-nr-05-en.pdf
NIC,7596.686761,27585.4455,223935.2389,129222.3127,21.34728,3.392359,7596.686761,27585.4455,3.39235879,21.34727736,na,na,0,na
NIU,129207.347,54.720321,318243.6931,267.755527,20.43667,40.60013,129207.347,54.720321,40.60012808,20.43667282,23,na,5,https://www.cbd.int/doc/world/nu/nu-nr-05-en.pdf
NLD,17247.34931,7914.400199,64204.97933,35205.61182,22.48051,26.86295,17247.34931,7914.400199,26.86294659,22.48050748,21.7,19,5,https://www.cbd.int/doc/world/nl/nl-nr-05-en.pdf
NOR,14213.83578,57255.99415,926317.7348,325287.8156,17.60164,1.534445,14213.83578,57255.99415,1.534444959,17.60164119,17.2,3.1,6,https://chm.cbd.int/database/record/D874F120-974C-0CFE-32C4-6BCBE13146B5
NPL,0,34897.91838,0,147709.5419,23.62604,0,0,34897.91838,0,23.62604199,23.39,0,6,https://chm.cbd.int/database/record/A6B3AF62-55F8-F0D0-7106-76D42630A951
NZL,1249398.557,90051.28776,4106953.859,269651.6705,33.39541,30.42154,1249398.557,90051.28776,30.42153868,33.39541253,36.73,7,5,https://www.cbd.int/doc/world/nz/nz-nr-05-en.pdf
OMN,663.989764,7985.072834,538980.1915,310373.1429,2.572733,0.123194,663.989764,7985.072834,0.123193723,2.572733181,na,na,5,https://www.cbd.int/doc/world/om/om-nr-05-en.pdf
PAK,1707.397433,98288.08094,222743.9199,798143.6542,12.31459,0.766529,1707.397433,98288.08094,0.76652931,12.31458528,12,0,5,https://www.cbd.int/doc/world/pk/pk-nr-05-en.pdf
PAN,38489.51138,24110.92444,332643.4965,75497.94621,31.93587,11.5708,38489.51138,24110.92444,11.57079931,31.935868,31.8,13.5,6,https://chm.cbd.int/database/record/05B386D2-5BCD-A52D-6097-F853803CC619
PCN,839648.6171,37.035971,839478.9503,45.589943,81.23715,100.0202,839648.6171,37.035971,100.020211,81.23715136,na,na,0,na
PER,4036.819352,280940.6181,838329.5928,1298537.038,21.63516,0.481531,4036.819352,280940.6181,0.481531296,21.63516402,17.3,0.3,6,https://chm.cbd.int/database/record/90F134F5-E726-C4E5-77FD-F2E103B0F872
PHL,21269.1568,45929.08936,1835028.192,298774.9046,15.37247,1.159064,21269.1568,45929.08936,1.159064307,15.37247227,12.8,na,PBSAP 2015-2028,https://www.cbd.int/doc/world/ph/ph-nbsap-v3-en.pdf
PLW,608173.277,221.370544,608152.4889,501.101386,44.1768,100.0034,608173.277,221.370544,100.0034182,44.17679739,na,na,0,https://www.cbd.int/doc/world/pw/pw-nr-05-en.pdf
PNG,3343.51192,17247.55939,2407381.818,467405.9203,3.69006,0.138886,3343.51192,17247.55939,0.138885818,3.690060104,na,na,0,na
POL,7210.92051,123343.4821,31945.64308,311923.5191,39.54286,22.57247,7210.92051,123343.4821,22.57246941,39.54286052,19.6,24,6,https://chm.cbd.int/database/record/4ACD5165-ABFA-57D0-CAB0-4FC82FB386DD
PRI,3194.590576,649.27903,176163.0606,9041.14294,7.181382,1.813428,3194.590576,649.27903,1.813428176,7.181382203,na,na,0,na
PRK,25.611911,2975.649808,115967.2688,122186.1412,2.435342,0.022085,25.611911,2975.649808,0.022085465,2.435341504,7.2,na,5,https://www.cbd.int/doc/world/kp/kp-nr-05-en.pdf
PRT,289974.0681,21111.73213,1724156.15,92141.09473,22.9124,16.81832,289974.0681,21111.73213,16.81831823,22.9123956,22,na,5,https://www.cbd.int/doc/world/pt/pt-nr-05-pt.pdf
PRY,0,57473.37524,0,401498.4235,14.31472,0,0,57473.37524,0,14.31472003,15,0,6,https://chm.cbd.int/database/record/4406F62E-6E7A-1826-E2B9-082208FCC685
PSE,0,516.767863,0,6181.987004,8.359252,0,0,516.767863,0,8.35925185,9,0,5,https://www.cbd.int/doc/world/ps/ps-nr-05-en.pdf
PYF,206.943116,73.831954,4795468.095,3780.061341,1.953195,0.004315,206.943116,73.831954,0.004315389,1.9531946,na,na,0,na
QAT,733.176671,1804.720707,31987.65323,11435.55274,15.78167,2.292062,733.176671,1804.720707,2.292061458,15.78166572,na,na,0,https://www.cbd.int/doc/world/qa/qa-nr-05-ar.pdf
REU,40.854599,1601.061154,316498.9308,2536.304619,63.12574,0.012908,40.854599,1601.061154,0.01290829,63.12574373,na,na,0,na
ROU,6866.388571,58224.53787,29726.44952,237452.8706,24.52046,23.09858,6866.388571,58224.53787,23.09858285,24.52046072,33,na,5,https://www.cbd.int/doc/world/ro/ro-nr-05-en.pdf
RUS,228247.3381,1641400.741,7673314.113,16874835.52,9.726914,2.97456,228247.3381,1641400.741,2.974560076,9.726914016,11.8,na,5,https://www.cbd.int/doc/world/ru/ru-nr-05-ru.pdf
RWA,0,2317.479492,0,25452.13068,9.105247,0,0,2317.479492,0,9.105247497,10.3,0,5,https://www.cbd.int/doc/world/rw/rw-nr-05-en.pdf
SAU,5495.452494,92063.63578,220338.2086,1934058.339,4.760127,2.494099,5495.452494,92063.63578,2.494098744,4.760127134,na,na,0,https://www.cbd.int/doc/world/sa/sa-nr-05-ar.pdf
SDN,10661.95346,42697.53551,66785.64454,1871251.813,2.281763,15.96444,10661.95346,42697.53551,15.96443897,2.281763214,5.8,10,6,https://chm.cbd.int/database/record/2748B1C1-31BC-F7AF-54E0-FC64E251AA3D
SEN,1766.175004,50179.21798,158426.4028,197923.9723,25.35277,1.114824,1766.175004,50179.21798,1.114823649,25.3527743,na,2.44,6,https://chm.cbd.int/database/record/58DAD993-C79B-6275-8330-99B6F44BA483
SGP,0.100552,33.585431,762.68502,604.646128,5.55456,0.013184,0.100552,33.585431,0.013183948,5.55455984,4.7,na,5,https://www.cbd.int/doc/world/sg/sg-nr-05-en.pdf
SGS,1233452.846,505.43043,1445886.657,3971.692688,12.72582,85.30772,1233452.846,505.43043,85.30771348,12.72581918,na,na,0,na
SHN,902497.1024,163.55775,1647745.112,434.343214,37.65634,54.77164,902497.1024,163.55775,54.77164495,37.65633829,na,na,0,na
SJM,82673.88621,39738.0771,1081582.098,61261.11552,64.86672,7.643792,82673.88621,39738.0771,7.643792031,64.86672136,na,na,0,na
SLB,1879.382668,530.42469,1609756.547,29191.64527,1.817043,0.11675,1879.382668,530.42469,0.116749497,1.817042805,5,6,5,https://www.cbd.int/doc/world/sb/sb-nr-05-en.pdf
SLE,862.533185,6824.701851,160452.5672,72709.02892,9.386319,0.537563,862.533185,6824.701851,0.53756272,9.386319626,4,na,5,https://www.cbd.int/doc/world/sl/sl-nr-05-en.pdf
SLV,666.29452,1778.397392,94238.04744,20573.30437,8.644199,0.707033,666.29452,1778.397392,0.707033452,8.644199102,na,na,0,na
SOM,0,0,784501.553,637991.5854,0,0,0,0,0,0,0.8,0,5,https://www.cbd.int/doc/world/so/so-nr-05-en.pdf
SPM,7.021759,7.163025,12367.3281,237.589267,3.014877,0.056777,7.021759,7.163025,0.056776686,3.014877351,na,na,0,na
SRB,0,6766.079371,0,88509.11514,7.6445,0,0,6766.079371,0,7.644500072,0.8,0,5,https://www.cbd.int/doc/world/rs/rs-nr-05-en.pdf
SSD,0,98214.48596,0,633580.4791,15.5015,0,0,98214.48596,0,15.50150126,13,0,5,https://www.cbd.int/doc/world/ss/ss-nr-05-en.pdf
STP,35.280222,289.416981,131709.1714,989.259888,29.25591,0.026786,35.280222,289.416981,0.026786458,29.25590985,0.8,0,5,https://www.cbd.int/doc/world/st/st-nr-05-fr.pdf
SUR,1980.928256,21425.69157,128362.9877,147558.4488,14.52014,1.543224,1980.928256,21425.69157,1.543223862,14.52013879,na,na,0,na
SVK,0,18395.92672,0,48941.21743,37.5878,0,0,18395.92672,0,37.58779958,0.8,0,5,https://www.cbd.int/doc/world/sk/sk-nr-05-en.pdf
SVN,4.310699,8197.1964,186.314047,20308.54692,40.36329,2.313674,4.310699,8197.1964,2.313673644,40.36328366,13,0.4,5,https://www.cbd.int/doc/world/si/si-nr-05-en.pdf
SWE,23830.14979,64987.4669,154980.4918,449390.1761,14.46126,15.37623,23830.14979,64987.4669,15.37622543,14.46125669,0.8,0,5,https://chm.cbd.int/database/record/060FF276-745E-F718-DC53-A1A48915D17E
SWZ,0,738.20711,0,17335.867,4.258265,0,0,738.20711,0,4.258264729,3.9,0,5,https://www.cbd.int/doc/world/sz/sz-nr-05-en.pdf
SXM,43.28255,0.000136,497.533856,36.455424,0.000373,8.699418,43.28255,0.000136,8.699418035,0.000373058,0.8,0,5,na
SYC,439996.7031,299.523356,1340839.459,486.864575,61.52088,32.81502,439996.7031,299.523356,32.81501749,61.52087693,46.6,0.03,5,https://www.cbd.int/doc/world/sc/sc-nr-05-en.pdf
SYR,25.201794,1292.567557,10203.61673,188612.6151,0.685303,0.246989,25.201794,1292.567557,0.246988834,0.685302813,0.8,0,5,na
TCA,149.820284,451.737848,154242.1775,1018.174578,44.36742,0.097133,149.820284,451.737848,0.097133149,44.36742556,na,na,0,na
TCD,0,267716.0991,0,1276585.969,20.97125,0,0,267716.0991,0,20.97125501,12.3,na,5,https://www.cbd.int/doc/world/td/td-nr-05-fr.pdf
TGO,30.987414,16080.73522,15520.93847,57480.648,27.97591,0.199649,30.987414,16080.73522,0.1996491,27.9759115,na,na,0,https://chm.cbd.int/database/record/77EEB058-F6CE-9107-7EE8-1F96B95E6314
THA,13411.50041,96035.17655,306890.539,517786.6125,18.54725,4.370125,13411.50041,96035.17655,4.370125079,18.54724982,na,20,6,https://chm.cbd.int/database/record/46D5C83F-588E-181B-D5F7-80C3E0A7552E
TJK,0,31690.1072,0,142244.2178,22.27866,0,0,31690.1072,0,22.27866109,na,0,0,na
TKL,9.510634,0.998313,321242.5226,15.181307,6.575934,0.002961,9.510634,0.998313,0.002960578,6.575935787,na,na,0,na
TKM,2331.770078,15336.26559,77885.16348,472137.5437,3.248262,2.993857,2331.770078,15336.26559,2.993856562,3.248262248,4,na,5,https://www.cbd.int/doc/world/tm/tm-nr-05-ru.pdf
TLS,582.968708,2400.674939,42501.27223,15006.53549,15.99753,1.37165,582.968708,2400.674939,1.371650017,15.99752948,na,na,0,na
TON,390.037037,96.492068,668054.6083,766.502265,12.58862,0.058384,390.037037,96.492068,0.058384005,12.58862138,na,na,0,na
TTO,37.071977,1594.834874,75798.46305,5213.102096,30.59282,0.048909,37.071977,1594.834874,0.048908613,30.59281872,32,0.1,5,https://chm.cbd.int/api/v2013/documents/C7EFE124-DEAA-B14C-3D98-D0B9E66D99DE/attachments/TT%20Fifth%20National%20Report%20to%20the%20CBD_FINAL.pdf
TUN,1042.360893,12286.01772,100660.5035,155230.8391,7.914676,1.035521,1042.360893,12286.01772,1.035521239,7.914675845,17,10,6,https://chm.cbd.int/database/record/5DAF5DAA-D4D2-F800-CA8C-9462C5D56858
TUR,270.18272,1709.103181,255925.9584,782238.8742,0.218489,0.105571,270.18272,1709.103181,0.105570659,0.218488653,na,na,5,https://www.cbd.int/doc/world/tr/tr-nr-05-en.pdf
TUV,213.859993,5.532731,731900.0274,41.785977,13.24064,0.02922,213.859993,5.532731,0.029219837,13.24064051,na,na,0,No information in 5th national report
TWN,3846.48539,7145.881111,342996.9472,36245.33119,19.71531,1.121434,3846.48539,7145.881111,1.121434293,19.71531471,na,na,0,na
TZA,7330.4453,362263.5408,243129.5958,947252.6908,38.2436,3.015036,7330.4453,362263.5408,3.01503619,38.24360114,54.6,6.5,6,https://chm.cbd.int/database/record/57914673-CF81-82CF-0808-C76D810BAB97
UGA,0,39053.54918,0,243144.8535,16.06185,0,0,39053.54918,0,16.06184487,18,0,5,https://www.cbd.int/doc/world/ug/ug-nr-05-en.pdf
UKR,4606.122844,26016.50629,134873.1664,598828.7966,4.344565,3.415151,4606.122844,26016.50629,3.41515141,4.344564997,6.05,na,5,https://www.cbd.int/doc/world/ua/ua-nr-05-en.pdf
UMI,15071.328,354.644589,1964384.514,363.495,97.56519,0.767229,15071.328,354.644589,0.767229017,97.56519044,na,na,0,na
URY,978.887181,6556.762703,130097.9744,178459.889,3.674082,0.752423,978.887181,6556.762703,0.752423076,3.674082025,8.6,na,6,https://chm.cbd.int/database/record/50CCF748-F428-8010-744B-D5B1BD5F3A66
USA,3210916.355,1118941.912,8591493.148,9490391.294,11.79026,37.3732,3210916.355,1118941.912,37.37320509,11.79026109,0,0,0,na
UZB,0,25976.21787,0,450362.5106,5.767847,0,0,25976.21787,0,5.767846404,5,0,5,https://www.cbd.int/doc/world/uz/uz-nr-05-en.pdf
VCT,80.359651,91.899504,36510.93366,409.906569,22.41962,0.220098,80.359651,91.899504,0.220097497,22.41962217,na,8.5,5,https://www.cbd.int/doc/world/vc/vc-nr-05-en.pdf
VEN,20589.63214,521789.519,473325.0963,917367.6523,56.879,4.349998,20589.63214,521789.519,4.349997983,56.87899696,na,na,5,https://www.cbd.int/doc/world/ve/ve-nr-05-es.pdf
VGB,3.314329,15.995538,80529.47601,175.605042,9.108814,0.004116,3.314329,15.995538,0.004115672,9.108814769,na,na,na,na
VIR,176.668873,50.014408,36030.25521,375.62477,13.31499,0.490335,176.668873,50.014408,0.490334781,13.31499198,na,na,na,na
VNM,3630.264972,24994.31244,647232.2216,329880.371,7.576781,0.560891,3630.264972,24994.31244,0.560890643,7.576780747,7,na,5,https://www.cbd.int/doc/world/vn/vn-nr-05-en.pdf
VUT,47.509867,528.222229,622073.2227,12575.12729,4.200532,0.007637,47.509867,528.222229,0.007637343,4.200531866,na,na,na,na
WLF,0,0.301679,259805.4408,180.605517,0.167037,0,0,0.301679,0,0.167037533,na,na,na,na
WSM,190.537751,238.023346,132305.5976,2893.945283,8.224874,0.144013,190.537751,238.023346,0.144013371,8.224873753,na,na,5,https://www.cbd.int/doc/world/ws/ws-nr-05-en.pdf
YEM,2562.368242,3519.593039,548013.9807,455938.919,0.771944,0.467573,2562.368242,3519.593039,0.467573517,0.77194398,na,na,5,https://www.cbd.int/doc/world/ye/ye-nr-05-en.pdf
ZAF,238478.3372,105721.3259,1542559.897,1224384.577,8.63465,15.45991,238478.3372,105721.3259,15.45990776,8.634650249,12.96,10,6,https://chm.cbd.int/database/record/33303CBE-1BB9-9034-35F8-283CC0A1D63F
ZMB,0,311772.6865,0,755640.3907,41.2594,0,0,311772.6865,0,41.25939936,37.8,0,6,https://chm.cbd.int/database/record/AB99C119-FDF3-C589-9CBB-B0B2C39A58C8
ZWE,0,106837.8044,0,392573.2003,27.21475,0,0,106837.8044,0,27.2147473,28,0,5,https://www.cbd.int/doc/world/zw/zw-nr-05-en.pdf