iso3,pa_marine_area,pa_land_area,marine_area,land_area,percentage_pa_land_cover,percentage_pa_marine_cover,percentage_nr_land_cover,percentage_nr_marine_cover,nr_version,nr_report_url,oecms_pa_marine_area,oecms_pa_land_area,percentage_oecms_pa_land_cover,percentage_oecms_pa_marine_cover
ABNJ,3184263.369,,235080140,0,0,1.3545438,na,na,na,na,3184263, -   ,0,1.354543761
ABW,0.026514201,35.83383262,25213.94735,189.420844,18.9175758,0.0001052,na,na,na,na,0,36,18.91757626,0.000105157
AFG,0,23383.89116,0,642899.1342,3.6372566,0,na,na,0,No information found in 5th National Report, -   ,23384,3.637256595,0
AGO,66.62310704,134909.4326,493753.373,1255217.852,10.7478895,0.0134932,12.5,na,5,https://www.cbd.int/doc/world/ao/ao-nr-05-en.pdf,67,134909,10.74788989,0.013493195
AIA,62.72731924,9.528066798,92653.59144,85.524417,11.1407566,0.0677009,na,na,na,na,63,10,11.14075621,0.067701162
ALA,428.8066755,25.75523239,,,,,na,na,na,na,429,26,0,0
ALB,317.9822161,5344.435776,11199.39919,28746.5563,18.591568,2.8392792,15.83,na,5,https://www.cbd.int/doc/world/al/al-nr-05-en.pdf,318,5344,18.59156874,2.839279238
AND,0,126.731575,0,471.870724,26.8572655,0,35.7,0,6,https://chm.cbd.int/pdf/documents/nationalReport6/241228/1, -   ,127,26.85726588,0
ARE,6281.072755,13724.22686,54711.04352,70921.45739,19.351305,11.4804478,na,na,0,na,6281,13724,19.35130406,11.48044773
ARG,127455.2686,242086.7595,1083150.624,2785327.721,8.6914997,11.767086,na,na,0,na,127455,242087,8.691500025,11.76708629
ARM,0,7326.659775,0,29685.40559,24.6810169,0,13.1,na,5,https://www.cbd.int/doc/world/am/am-nr-05-en.pdf, -   ,7327,24.68101624,0
ASM,35489.58188,33.37224086,406816.029,210.578755,15.847867,8.7237425,na,na,0,na,35490,33,15.84786692,8.72374227
ATA,4774.711697,,,,0,,na,na,0,na,4775, -   ,0,0
ATF,1702514.746,7851.104424,2277432,7855.43,99.9449387,74.7558975,na,na,0,na,1702515,7851,99.94493521,74.75589814
ATG,325.4142801,90.76280668,108492.3833,455.237976,19.9374428,0.299942,na,na,5,https://www.cbd.int/doc/world/ag/ag-nr-05-en.pdf,325,91,19.93744184,0.299942051
AUS,3295157.783,1572445.525,7432133.367,7722102.022,20.3629208,44.3366356,16.25,36.2,5,https://www.cbd.int/doc/world/au/au-nr-05-en.pdf,3295158,1572446,20.36292089,44.33663418
AUT,0,24754.50808,0,83912.25912,29.5004673,0,27,na,5,https://www.cbd.int/doc/world/at/at-nr-05-en.pdf, -   ,24755,29.50046673,0
AZE,345.3141374,8798.362587,79032.11877,86639.62334,10.1551256,0.4369289,10.3,na,5,https://www.cbd.int/doc/world/az/az-nr-05-en.pdf,345,8798,10.15512562,0.436928862
BDI,0,2065.705683,0,27210.87243,7.5914717,0,na,na,5,https://www.cbd.int/doc/world/bi/bi-nr-05-fr.pdf, -   ,2066,7.591471713,0
BEL,1318.798331,4772.624582,3465.140147,30683.07213,15.5545855,38.0590172,12.77,35.85,6,https://chm.cbd.int/database/record/190C2BA4-9F5C-AD89-32B5-778480AB2C5B,1319,4773,15.55458515,38.05901855
BEN,0,34414.52568,30425.6792,116095.3632,29.6433258,0,20.16,na,5,https://www.cbd.int/doc/world/bj/bj-nr-05-fr.pdf, -   ,34415,29.64332487,0
BES,25111.91319,91.60464639,25112.35272,322.852496,28.3735294,99.9982529,na,na,0,na,25112,92,28.37352894,99.99824975
BFA,0,45403.10875,0,276403.7182,16.4263744,0,na,na,0,na, -   ,45403,16.42637409,0
BGD,4530.002605,6455.725175,84563.21214,140160.1678,4.6059628,5.3569427,1.8,2.05,5,https://www.cbd.int/doc/world/bd/bd-nr-05-en.pdf,4530,6456,4.605962789,5.356942447
BGR,2851.852747,45503.458,35171.8505,110862.7479,41.044857,8.1083384,34,na,5,https://www.cbd.int/doc/world/bg/bg-nr-05-en.pdf,2852,45503,41.0448585,8.108338646
BHR,1612.477371,88.99236591,7632.763476,686.857403,12.9564543,21.1257343,na,na,5,https://www.cbd.int/doc/world/bh/bh-nbsap-v2-en.pdf,1612,89,12.95645436,21.12573482
BHS,47355.48699,4930.158571,597705.1345,13458.00624,36.6336479,7.9228845,na,na,0,na,47355,4930,36.63364754,7.922884422
BIH,0,2081.617739,12.763205,51225.15128,4.0636635,0,2,na,5,https://www.cbd.int/doc/world/ba/ba-nr-05-en.pdf, -   ,2082,4.063663428,0
BLM,4243.891309,5.112053714,4317.87991,25.109707,20.3588753,98.2864609,na,na,0,na,4244,5,20.35887441,98.28645995
BLR,0,28686.55343,0,207228.0654,13.8429871,0,8.72,0,6,https://chm.cbd.int/pdf/documents/nationalReport6/241352/1, -   ,28687,13.84298665,0
BLZ,3994.435996,8372.049228,36249.83866,22297.76618,37.5465813,11.0191832,36.6,19.8,6,https://chm.cbd.int/database/record/7E3D234F-E8AD-520C-C92B-490CE2806718,3994,8372,37.54658274,11.01918283
BMU,0.254820659,1.507492591,451643.6848,72.478422,2.0799191,0.0000564,na,na,0,na,0,2,2.079919167,0.0000564207
BOL,0,336406.5863,0,1089908.94,30.8655682,0,23,na,5,https://www.cbd.int/doc/world/bo/bo-nr-05-es.pdf, -   ,336407,30.86556811,0
BRA,985041.6658,2584807.85,3672584.326,8529399.243,30.3046875,26.8214855,16,1.5,5,https://www.cbd.int/doc/world/br/br-nr-05-en.pdf,985042,2584808,30.30468825,26.82148532
BRB,10.32124892,5.640150606,185019.8485,444.068519,1.2701082,0.0055785,na,na,0,na,10,6,1.270108185,0.005578455
BRN,51.67920945,2794.368892,25698.41824,5961.686662,46.8721199,0.2010988,41,na,5,https://www.cbd.int/doc/world/bn/bn-nr-05-en.pdf,52,2794,46.87211942,0.201098795
BTN,0,19834.69833,0,39933.48814,49.6693344,0,51.44,na,6,https://chm.cbd.int/database/record/780672FC-714D-DCB8-463B-8C13757C89D1, -   ,19835,49.66933583,0
BVT,2207.567041,50.63975135,440224.3515,50.639751,100,0.5014641,na,na,0,na,2208,51,100.0000007,0.501464091
BWA,0,169369.804,0,581162.9215,29.1432571,0,29.1,na,6,https://chm.cbd.int/database/record/79991C85-C09A-E604-22B4-60A04E4C873D, -   ,169370,29.14325703,0
CAF,0,112827.1133,0,624568.0306,18.0648232,0,41,na,5,https://www.cbd.int/doc/world/cf/cf-nr-05-fr.pdf, -   ,112827,18.06482365,0
CAN,516419.8764,1265079.509,5698082.708,9955032.941,12.7079391,9.0630465,10.5,7.7,6,https://chm.cbd.int/database/record/C54338B1-F853-7542-B2AD-34985A78BE08,789548,1355697,13.61820949,13.85638205
CCK,26.29447384,,470116.606,17.948331,0,0.0055932,na,na,0,na,26, -   ,0,0.005593181
CHE,0,5020.616773,0,41355.27022,12.1402102,0,12.5,0,6,https://chm.cbd.int/database/record/79437B02-8838-F9E7-B0BB-571AB9CB6F30, -   ,5021,12.1402103,0
CHL,1512449.203,159942.1329,3657313.03,759820.962,21.0499763,41.3541069,20,4.3,5,https://www.cbd.int/doc/world/cl/cl-nr-05-es.pdf,1512449,159942,21.04997636,41.35410863
CHN,48125.64643,1461913.138,878364.0892,9361608.881,15.616046,5.4790087,14.86,na,6,https://chm.cbd.int/database/record/C7B6BC32-C06D-B09C-BFF8-7D265F24DBE6,48126,1461913,15.61604588,5.479008878
CIV,126.8928286,74419.70825,174842.1752,324107.7064,22.9614124,0.0725756,na,na,6,https://chm.cbd.int/database/record/6C5CE2DC-C057-ADCB-6424-0F485C7DEFEA,127,74420,22.96141276,0.072575641
CMR,1601.57256,51537.96636,14704.2551,469428.0915,10.9788837,10.8918982,22,na,6,https://chm.cbd.int/database/record/9AC174A3-DA9D-FD8C-764C-E2691FA90EE8,1602,51538,10.97888415,10.89189863
COD,31.363659,324768.201,13265.40707,2344275.114,13.853673,0.2364319,11,na,5,https://www.cbd.int/doc/world/cd/cd-nr-05-fr.pdf,31,324768,13.85367268,0.236431938
COG,1200.112028,126472.1726,39863.59306,343736.7395,36.7933235,3.0105464,13.2,0,0,na,1200,126472,36.79332409,3.010546557
COK,1981931.214,64.92138202,1972842.358,258.141911,25.1494923,100,1,na,5,https://www.cbd.int/doc/world/ck/ck-nr-05-en.pdf,1981931,65,25.14949307,100
COL,124883.7982,187816.9179,730741.8263,1145032.899,16.4027538,17.0900021,11.27,1.5,"National Biodiversity Strategy and Action Plan (v.3)
",https://www.cbd.int/doc/world/co/co-nbsap-v3-es.pdf,175615,316297,27.62343675,24.03245674
COM,619.7790835,574.1753702,165505.135,1701.123719,33.7527122,0.3744773,22,na,5,https://www.cbd.int/doc/world/km/km-nr-05-fr.pdf,620,574,33.75271086,0.374477253
CPV,5.423161951,120.123431,801065.1343,4148.996795,2.8952403,0.000677,na,na,0,na,5,120,2.895240389,0.000676994
CRI,166793.1993,13730.2347,576110.183,51636.14199,26.5903568,28.9516144,26,2.7,6,https://chm.cbd.int/database/record/158F6797-D2D0-91DF-E1D1-55EF84D295E0,166793,13730,26.59035739,28.9516145
CUB,14089.82311,18118.74127,365755.7493,111643.2783,16.2291374,3.8522491,na,na,0,na,14090,18119,16.22913761,3.85224925
CUW,11.65638193,71.00958063,30535.00449,450.975385,15.7457771,0.0381738,na,na,na,na,12,71,15.74577748,0.038173834
CXR,0.750002505,87.64926808,330035.5,142.416955,61.5441246,0.0002272,na,na,na,na,1,88,61.54412449,0.000227249
CYM,92.90128699,31.13312696,119605.4547,289.266866,10.7627697,0.0776731,na,na,na,na,93,31,10.76276982,0.077673119
CYP,8472.2211,3509.437909,98279.50173,9063.433945,38.7208405,8.6205378,na,na,5,https://www.cbd.int/doc/world/cy/cy-nr-05-en.pdf,8472,3509,38.72084168,8.620537294
CZE,0,17272.63321,0,77916.89786,22.1680202,0,na,na,6,https://chm.cbd.int/database/record/C94184E8-C30E-C894-DD41-0F1C62E7AD6A, -   ,17273,22.16801963,0
DEU,25619.25739,134405.6979,56357.93768,357584.3854,37.5871277,45.4581184,na,0,5,https://www.cbd.int/doc/nr/nr-06/de-nr-06-en.pdf,25619,134406,37.58712725,45.45811725
Disputed,0,0,2199177.4,241966.7,0,0,,,,,,,,
DJI,11.80276092,343.9601785,7031.12303,21843.65212,1.5746459,0.1678645,,na,0,na,12,344,1.574645928,0.16786452
DMA,9.435833953,168.2778313,28749.1828,766.22784,21.961853,0.0328212,na,20,5,https://www.cbd.int/doc/world/dm/dm-nbsap-v2-en.pdf,9,168,21.96185292,0.032821225
DNK,18408.27487,7689.98057,100469.7507,45314.39778,16.9702816,18.3222065,na,18,5,https://www.cbd.int/doc/world/dk/dk-nr-05-en.pdf,18408,7690,16.97028085,18.32220618
DOM,46781.01109,12801.43629,270774.1738,48509.80547,26.3893795,17.276762,26,9.6,6,https://chm.cbd.int/database/record/4CAD6958-68E8-A0AB-E856-852720AD7CF8,46781,12801,26.38937873,17.27676256
DZA,87.74437742,107865.0166,128992.9935,2324458.588,4.6404362,0.0680226,na,na,6,https://chm.cbd.int/pdf/documents/nationalReport6/241357/1,88,1261029,54.25043749,0.068022592
ECU,206784.2532,60459.43216,1079901.071,258138.6687,23.4213009,19.1484432,19.6,na,6,https://chm.cbd.int/database/record/6120BF7A-BD24-5225-9DEF-4D4BE3AD3799,206784,60459,23.42130005,19.14844413
EGY,11715.81678,129389.8156,236612.0565,984997.4881,13.136055,4.9514875,14.6,na,0,na,11716,129390,13.13605538,4.951487659
ERI,0,0,78827.41736,121834.4031,0,0,na,na,0,na, -   , -   ,0,0
ESH,0,0,252024.2549,268339.2162,0,0,na,na,0,na, -   , -   ,0,0
ESP,128585.2077,142555.3049,1005717.296,507013.405,28.1166744,12.7854223,27.3,8,0,na,128585,142555,28.11667374,12.78542273
EST,6825.466151,9723.481992,36346.36824,45416.48284,21.4095879,18.7789497,18.8,27,6,https://chm.cbd.int/database/record/E23CB1F7-405F-D3C8-C1A5-8D2912E49CCE,6825,9723,21.40958829,18.77894954
ETH,0,193132.4076,0,1135429.227,17.0096378,0,14,na,6,https://chm.cbd.int/database/record/86A4EACE-5D8E-479D-CD33-319D77EA9032, -   ,193132,17.00963856,0
FIN,9530.161479,45252.48785,79467.83378,337725.5344,13.3991909,11.9924765,13.8,17,6,https://chm.cbd.int/database/record/8BC90B3F-3587-ED1A-0BE5-FBA1287318A4,9530,45252,13.39919054,11.99247674
FJI,11959.01448,1036.512388,1293034.72,19154.95614,5.4111967,0.9248796,2.7,na,5,https://www.cbd.int/doc/world/fj/fj-nr-05-en.pdf,11959,1037,5.411196876,0.924879611
FLK,52.09351703,61.10017572,549091.6441,12400.947,0.4927057,0.0094872,na,na,0,na,52,61,0.492705724,0.009487217
FRA,171300.0713,155901.677,343866.3878,548954.0701,28.3997669,49.8158798,29.5,22.91,6,https://chm.cbd.int/database/record/C838741D-098B-3BAC-AE88-3EDACDB092EA,171300,155902,28.39976704,49.81588123
FRO,28.88910828,33.7868732,266720.4336,1450.644909,2.3290932,0.0108312,na,na,0,na,29,34,2.329093287,0.010831232
FSM,475.0509917,0.401738404,3011916.98,817.158681,0.0491628,0.0157724,na,na,5,https://www.cbd.int/doc/world/fm/fm-nr-05-en.pdf,475,0,0.049162839,0.01577238
GAB,55720.64663,59707.74205,193292.3301,266044.6066,22.4427567,28.827137,na,na,0,na,55721,59708,22.44275605,28.82713794
GBR,318711.0285,68104.1753,723404.7034,245247.5873,27.7695599,44.0570869,28,24,6,https://chm.cbd.int/database/record/A8D6330F-38E5-1E72-50A3-406ABFBB9612,318711,68104,27.76955975,44.05708547
GEO,152.9628902,7774.971261,22907.00911,69971.96837,11.1115513,0.6677558,8.62,na,5,https://www.cbd.int/doc/world/ge/ge-nr-05-en.pdf,153,7775,11.11155144,0.667755836
GGY,33.48013405,3.428469992,8672.655691,85.559741,4.0071068,0.3860425,na,na,0,na,34,9,10.62435638,0.391422831
GHA,219.2569852,35674.7198,226758.5827,240329.9832,14.8440571,0.0966918,20.66,na,National Biodiversity Strategy and Action Plan (v.2),https://www.cbd.int/doc/world/gh/gh-nbsap-v2-en.pdf,219,35675,14.84405704,0.096691813
GIB,0,0,426.745945,7.483277,0,0,na,na,0,na, -   , -   ,0,0
GIN,583.4236182,92571.39007,110136.2872,246426.8074,37.5654716,0.5297288,15,na,5,https://www.cbd.int/doc/world/gn/gn-nr-05-fr.pdf,583,92571,37.56547067,0.529728787
GLP,90957.26566,1172.03134,91039.08888,1678.541217,69.8244019,99.9101257,na,na,0,na,90957,1172,69.82440036,99.91012297
GMB,137.3466836,830.3578947,22745.53308,10757.9084,7.7185812,0.6038402,6.4,7.4,6,https://chm.cbd.int/database/record/72F99C09-A17F-497F-7B00-EE38CDE69E5D,137,830,7.718581194,0.603840249
GNB,9573.85604,9220.209592,106506.6285,34015.72123,27.1057301,8.9889765,13.75,12.63,National Biodiversity Strategy and Action Plan (v.2),https://www.cbd.int/doc/world/gw/gw-nbsap-v2-en.pdf,9574,9220,27.10573011,8.988976719
GNQ,729.7148462,5228.231142,310365.4119,27136.01782,19.2667599,0.2351147,na,na,0,na,730,5228,19.26675895,0.235114745
GRC,22326.03257,46842.03965,494172.4508,133012.2689,35.2163315,4.5178628,21,6,5,https://www.cbd.int/doc/world/gr/gr-nr-05-en.pdf,22326,46842,35.21633007,4.517862648
GRD,25.76526308,35.63048448,26281.5155,373.565244,9.5379553,0.0980357,na,na,5,https://www.cbd.int/doc/world/gd/gd-nr-05-en.pdf,26,36,9.537954896,0.098035682
GRL,102254.1021,885525.0145,2264467.117,2154016.464,41.1104088,4.5155921,na,na,0,na,102254,885525,41.11041068,4.515592269
GTM,953.7737339,22115.56234,118336.3927,109922.2585,20.119276,0.8059852,31.06,na,5,https://www.cbd.int/doc/world/gt/gt-nr-05-es.pdf,954,22116,20.11927578,0.805985134
GUF,1365.497154,43585.94234,136563.8487,83034.50925,52.4913597,0.9998965,na,na,0,na,1365,43586,52.491359,0.999896508
GUM,40.09019271,25.07290693,202535.0554,561.240901,4.4674053,0.0197942,na,na,0,na,40,25,4.467405509,0.019794199
GUY,25.85568602,17952.53575,136909.9886,211200.2683,8.5002432,0.0188852,8.6,na,0,https://www.cbd.int/doc/world/gy/gy-nbsap-v3-en.pdf,26,17953,8.500242871,0.018885171
HKG,77.63465959,461.7589223,0,1102.47934,41.8836784,,na,na,0,na,78,462,41.88368032,0
HMD,6050.480012,391.1989037,416110.9534,391.198904,100,1.4540545,na,na,0,na,6050,391,99.99999993,1.454054493
HND,10070.08933,26567.52461,219971.1738,113291.4823,23.4505939,4.5779133,27,0,0,https://www.cbd.int/doc/world/hn/hn-nbsap-v2-es.pdf,10070,26568,23.45059316,4.577913167
HRV,4984.81069,21894.93057,55462.35822,56855.88522,38.5095253,8.9877367,12.2,1.94,5,https://www.cbd.int/doc/world/hr/hr-nr-05-en.pdf,4985,21895,38.50952367,8.987736638
HTI,1826.401088,2357.493149,123867.1844,27390.24191,8.6070547,1.4744834,6.28,na,5,https://www.cbd.int/doc/world/ht/ht-nr-05-fr.pdf,1826,2357,8.607054866,1.474483413
HUN,0,21051.03645,0,93142.45067,22.6009045,0,22.2,0,5,https://www.cbd.int/doc/world/hu/hu-nr-05-en.pdf, -   ,21051,22.60090463,0
IDN,181864.6695,231945.7149,5947954.167,1906555.047,12.1656971,3.0576005,22,na,5,https://www.cbd.int/doc/world/id/id-nr-05-en.pdf,181865,231946,12.16569725,3.057600386
IMN,419.4228484,31.75140415,0,582.226592,5.4534445,,na,na,0,na,419,32,5.453444516,0
IND,5543.266672,230167.7516,2301226.499,3061193.496,7.5188894,0.2408831,na,na,6,https://chm.cbd.int/database/record/93FF87C5-5D5D-B150-2A0F-5D3AF67E77C9,5543,230168,7.518889345,0.240883141
IOT,642270.8732,68.95284624,642744.6863,68.952846,100,99.9262848,na,na,0,na,642271,69,100.0000003,99.92628284
IRL,9944.416816,10122.65951,426441.7422,70128.37704,14.4344702,2.3319521,14,1.4,5,https://www.cbd.int/doc/world/ie/ie-nr-05-en.pdf,9944,10123,14.43446995,2.331952019
IRN,1808.644138,140225.7781,224800.6295,1627857.17,8.6141329,0.8045548,10.4,na,5,https://www.cbd.int/doc/world/ir/ir-nr-05-en.pdf,1809,140226,8.614132779,0.804554748
IRQ,0,6713.746023,595.830425,437830.5052,1.5334121,0,na,na,0,na, -   ,6714,1.533412118,0
ISL,3215.918495,21263.01972,752783.5116,102301.7663,20.7846069,0.4272036,na,na,0,https://chm.cbd.int/database/record/BF781FE9-A0CB-A201-0EAA-F59EC1EC1EFA,3216,21263,20.78460664,0.427203631
ISR,11.84029178,5132.611984,27855.0403,20958.0329,24.4899502,0.0425068,21,na,5,https://www.cbd.int/doc/world/il/il-nr-05-en.pdf,12,5133,24.48995098,0.04250682
ITA,57183.44071,65017.20351,538880.953,301335.3097,21.5763645,10.611516,21,19.1,6,https://chm.cbd.int/database/record/075ADA4C-96AD-4864-9C6C-D252F644A314,57183,65017,21.57636407,10.6115164
JAM,1902.00545,2211.945221,246488.4991,11058.94539,20.0014114,0.7716407,18,15,5,https://www.cbd.int/doc/world/jm/jm-nr-05-en.pdf,1902,2212,20.00141191,0.771640647
JEY,185.0337598,22.23073646,2962.105951,125.218467,17.753561,6.246696,na,na,0,na,185,22,17.75356063,6.246696196
JOR,0.919866622,4014.746577,93.665949,89689.84024,4.4762559,0.9820715,1.6,25,6,https://chm.cbd.int/database/record/E3AD5C2C-E18B-0515-2B13-B5906FB9C971,1,4015,4.476255691,0.982071533
JPN,561310.1695,111289.6808,4040612.297,374092.7945,29.749218,13.8917103,na,8.3,6,https://chm.cbd.int/database/record/134290A2-76E8-AF7A-E322-14E20399677D,561310,111290,29.74921797,13.89171067
KAZ,60409.56045,272794.8573,119085.0237,2719827.869,10.0298576,50.7280922,8.96,na,6,https://chm.cbd.int/database/record/104097C9-32D6-85B6-4630-6D69CC6DC2EF,60410,272795,10.02985742,50.72809206
KEN,822.1263791,71533.97293,112400.4482,586770.0015,12.191143,0.7314262,8,na,5,https://www.cbd.int/doc/world/ke/ke-nr-05-en.pdf,822,71534,12.19114351,0.731426246
KGZ,0,13408.46178,0,199957.0236,6.7056718,0,7.38,na,6,https://chm.cbd.int/database/record/411B9A5E-1A4D-858E-3E40-643E17C4E9CC, -   ,13408,6.70567182,0
KHM,691.4698477,72527.31997,47966.8519,182510.8526,39.738636,1.4415576,18,na,5,https://www.cbd.int/doc/world/kh/kh-nr-05-en.pdf,691,72527,39.73863414,1.441557701
KIR,408701.9397,230.8857269,3459130.413,1032.564654,22.3604145,11.8151646,na,na,0,na,408702,231,22.36041356,11.81516424
KNA,408.2106035,62.0143713,10262.9088,270.825058,22.8983135,3.9775331,na,na,6,https://chm.cbd.int/database/record/C0A7116F-F642-2089-08C4-81605C16F1BC,408,62,22.89831368,3.977533186
KOR,7979.394202,16916.63597,324993.7978,99712.88376,16.9653454,2.455245,11.57,1.4,6,https://chm.cbd.int/database/record/37C38AFC-AF9F-168E-B555-2EBA21CF2DCD,7979,16917,16.96534623,2.455245071
KWT,162.2891335,2979.114917,11895.81217,17417.87587,17.1037788,1.3642544,20,3,5,https://www.cbd.int/doc/world/kw/kw-nr-05-ar.pdf,162,2979,17.10377855,1.364254337
LAO,0,43858.37199,0,231276.1399,18.9636383,0,18,na,0,na, -   ,43858,18.96363889,0
LBN,43.51637319,195.2388376,19315.84107,10329.04876,1.8901918,0.2252885,na,na,0,na,44,195,1.890191848,0.225288524
LBR,256.0496242,3916.592975,247767.6811,96634.42399,4.053,0.1033426,na,na,5,https://www.cbd.int/doc/world/lr/lr-nr-05-en.pdf,256,3917,4.052999763,0.103342624
LBY,2267.908302,2084.166442,357895.3125,1622615.431,0.1284449,0.6336793,na,na,0,na,2268,2084,0.12844488,0.633679241
LCA,34.00703606,116.6535272,15560.30791,622.311137,18.7452087,0.2185499,na,na,0,na,34,117,18.74520963,0.218549892
LIE,0,71.22333416,0,167.064349,42.6322746,0,12.3,0,5,https://www.cbd.int/doc/world/li/li-nr-05-en.pdf, -   ,71,42.63227588,0
LKA,398.5644257,19897.4988,534085.0497,66631.50337,29.8619995,0.0746256,28,na,5,https://www.cbd.int/doc/world/lk/lk-nr-05-en.pdf,399,19897,29.8619989,0.074625647
LSO,0,6496.515186,0,30494.99377,21.3035469,0,na,na,0,na, -   ,6497,21.30354653,0
LTU,1567.706434,11047.50345,6125.653875,64696.51583,17.0758858,25.5924759,na,na,0,na,1568,11048,17.07588624,25.59247495
LUX,0,1452.583206,0,2603.081524,55.8024483,0,27,na,6,https://chm.cbd.int/database/record/7C393CC4-D665-CE1D-B971-CD4271602FB8, -   ,1453,55.80244768,0
LVA,4632.072724,11728.68149,28879.55287,64501.94768,18.1834526,16.0392818,17,na,5,https://www.cbd.int/doc/world/lv/lv-nr-05-en.pdf,4632,11729,18.18345323,16.0392813
MAF,1030.536169,7.609070573,1068.741983,59.578286,12.7715502,96.4251633,na,na,0,na,1031,8,12.77154998,96.42516018
MAR,1865.636983,8963.088041,276136.4075,407280.495,2.2007163,0.6756215,16.2,na,6,https://chm.cbd.int/database/record/650BA56F-8B7E-91A7-6622-56AEEEDD28CE,1957,134921,33.12724416,0.708845164
MCO,283.4049511,0.162391347,284.22031,1.595194,10.1800375,99.7131271,na,na,5,https://www.cbd.int/doc/world/mc/mc-nr-05-fr.pdf,283,0,10.18003745,99.71312435
MDA,0,3882.255077,0,33963.76161,11.4305801,0,5.8,0,6,https://chm.cbd.int/database/record/7320428F-D31E-FD33-F7FE-48CC53E2EB23, -   ,3882,11.4305804,0
MDG,11017.95793,44521.09838,1205824.849,594718.7259,7.4860764,0.9137279,na,na,5,https://www.cbd.int/doc/world/mg/mg-nr-05-en.pdf,11018,44521,7.486076432,0.913727889
MDV,623.3012909,6.999288611,922109.9914,304.666095,2.2973638,0.0675951,na,na,5,https://www.cbd.int/doc/world/mv/mv-nr-05-en.pdf,623,7,2.297363811,0.067595113
MEX,708027.4661,286891.1069,3284659.67,1965284.828,14.5979404,21.5555801,12.9,21,6,https://www.cbd.int/doc/world/mx/mx-nr-05-es.pdf,708027,286891,14.59794035,21.55558071
MHL,5388.396257,33.59372311,2004587.264,281.928035,11.9157085,0.2688033,16,18,5,na,5388,34,11.9157086,0.268803277
MKD,0,3916.65487,0,25443.14057,15.3937559,0,na,0,0,na, -   ,3917,15.39375557,0
MLI,0,94591.23869,0,1256684.114,7.5270495,0,na,na,0,na, -   ,94591,7.527049767,0
MLT,4146.582272,99.55740053,55696.65564,324.970466,30.6358299,7.4449396,13,na,5,https://www.cbd.int/doc/world/mt/mt-nr-05-en.pdf,4147,100,30.63583031,7.44493942
MMR,2456.796056,44288.96636,514147.2175,673078.5676,6.5800591,0.477839,8.7,na,6,https://chm.cbd.int/database/record/F7636AF4-F0E7-CAAE-ED0A-CE0E9F3A7F9C,2457,44289,6.580058925,0.477839026
MNE,43.25045979,1918.14915,7459.237226,13847.56188,13.8518906,0.5798241,9.05,na,5,https://www.cbd.int/doc/world/me/me-nr-05-en.pdf,43,1918,13.8518908,0.579824163
MNG,0,310015.5246,0,1565864.159,19.7983665,0,17.4,0,5,https://www.cbd.int/doc/world/mn/mn-nr-05-en.pdf, -   ,310016,19.79836647,0
MNP,256517.6544,38.38923116,773667.8566,501.224059,7.6590958,33.156044,na,na,na,na,256518,38,7.659095861,33.15604393
MOZ,12326.33722,233248.9061,574409.6184,791081.8731,29.4848003,2.1459141,26,na,5,https://www.cbd.int/doc/world/mz/mz-nr-05-en.pdf,12326,233249,29.48479974,2.145914139
MRT,6487.581023,6507.878451,156197.8626,1046302.522,0.6219882,4.1534376,na,na,5,https://www.cbd.int/doc/world/mr/mr-nr-05-fr.pdf,6488,6508,0.621988222,4.153437772
MSR,0.003677179,11.18234508,7628.258983,100.664381,11.1085424,0.0000482,na,na,na,na,0,11,11.10854203,0.0000482047
MTQ,47904.2096,926.0425469,47644.30608,1149.925062,80.5306854,100.5455093,na,na,na,na,47904,926,80.53068652,100
MUS,49.64392017,97.46029078,1280068.317,2062.481937,4.725389,0.0038782,7.6,na,5,https://www.cbd.int/doc/world/mu/mu-nr-05-en.pdf,50,97,4.725388816,0.003878224
MWI,0,27190.40931,0,118859.7323,22.8760471,0,na,na,5,https://www.cbd.int/doc/world/mw/mw-nr-05-en.pdf, -   ,27190,22.8760479,0
MYS,25099.33998,44204.65264,451741.5382,331700.5726,13.3266735,5.5561285,na,1.4,5,https://www.cbd.int/doc/world/my/my-nr-05-en.pdf,25099,44205,13.3266736,5.556128416
MYT,68763.82073,79.53879803,63362.33751,396.377408,20.066431,108.5247574,na,na,0,na,68764,80,20.06643074,100
NAM,9646.27499,313534.3569,562727.6243,827465.4339,37.8909302,1.7141997,16.7,na,5,https://www.cbd.int/doc/world/na/na-nr-05-en.pdf,9646,313534,37.89093104,1.714199654
NCL,1320501.093,11419.19727,1371803.153,19141.03171,59.6582108,96.2602463,na,na,na,na,1320501,11419,59.65821197,96.26024627
NER,0,216586.306,0,1190098.655,18.1990204,0,15.21,0,6,https://chm.cbd.int/database/record/AB3C2537-889F-115F-3B85-E42EA3C3B1EC, -   ,216586,18.19902115,0
NFK,3.23668389,3.701397087,432638.0836,42.778966,8.6523762,0.0007481,na,na,na,na,3,4,8.652376233,0.000748127
NGA,30.5559788,127332.2043,182868.1867,914306.1122,13.9266491,0.0167093,6,na,5,https://www.cbd.int/doc/world/ng/ng-nr-05-en.pdf,31,127332,13.92664914,0.016709292
NIC,7596.686761,27585.4455,223935.2389,129222.3127,21.3472767,3.3923588,na,na,0,na,7597,27585,21.34727736,3.39235879
NIU,129207.347,54.72032144,318243.6931,267.755527,20.4366722,40.6001282,23,na,5,https://www.cbd.int/doc/world/nu/nu-nr-05-en.pdf,129207,55,20.43667298,40.60012808
NLD,17247.54608,7910.24979,64204.97933,35205.61182,22.4687176,26.8632526,21.7,19,5,https://www.cbd.int/doc/world/nl/nl-nr-05-en.pdf,17248,7910,22.46871843,26.86325308
NOR,12509.03852,57619.2394,926317.7348,325287.8156,17.7133102,1.3504047,17.2,3.1,6,https://chm.cbd.int/database/record/D874F120-974C-0CFE-32C4-6BCBE13146B5,12509,57619,17.71331007,1.350404732
NPL,0,34897.91838,0,147709.5419,23.6260414,0,23.39,0,6,https://chm.cbd.int/database/record/A6B3AF62-55F8-F0D0-7106-76D42630A951, -   ,34898,23.62604199,0
NRU,0,0,310565.1256,22.786276,0,0,na,na,6,https://www.cbd.int/doc/nr/nr-06/nr-nr-06-en.pdf, -   , -   ,0,0
NZL,1249398.557,90051.28776,4106953.859,269651.6705,33.3954124,30.4215393,36.73,7,5,https://www.cbd.int/doc/world/nz/nz-nr-05-en.pdf,1249399,90051,33.39541253,30.42153868
OMN,2101.245372,12089.36693,538980.1915,310373.1429,3.8951073,0.3898558,na,na,5,https://www.cbd.int/doc/world/om/om-nr-05-en.pdf,2101,12089,3.895107295,0
PAK,1707.397433,98288.08094,222743.9199,798143.6542,12.3145857,0.7665293,12,0,5,https://www.cbd.int/doc/world/pk/pk-nr-05-en.pdf,1707,98288,12.31458528,0.76652931
PAN,89297.24329,23681.50495,332643.4965,75497.94621,31.3670845,26.8447285,31.8,13.5,6,https://chm.cbd.int/database/record/05B386D2-5BCD-A52D-6097-F853803CC619,89297,23682,31.36708499,26.84472843
PCN,845600.0863,43.04800534,839478.9503,45.589943,94.4243469,100.7291565,na,na,0,na,845600,43,94.4243456,100
PER,66722.42449,292426.2019,838329.5928,1298537.038,22.5196667,7.9589729,17.3,0.3,6,https://chm.cbd.int/database/record/90F134F5-E726-C4E5-77FD-F2E103B0F872,66722,293901,22.7439757,7.958972827
PHL,32010.30437,47411.66133,1835028.192,298774.9046,15.8686895,1.744404,12.8,na,PBSAP 2015-2028,https://www.cbd.int/doc/world/ph/ph-nbsap-v3-en.pdf,66592,51650,17.28736145,3.628933257
PLW,608173.277,221.3705441,608152.4889,501.101386,44.176796,100.003418,na,na,0,https://www.cbd.int/doc/world/pw/pw-nr-05-en.pdf,608173,221,44.1767974,100.0034182
PNG,3343.51192,17247.55939,2407381.818,467405.9203,3.6900601,0.1388858,na,na,0,na,3344,17248,3.690060104,0.138885818
POL,7210.920433,123424.4463,31945.64307,311923.5191,39.5688171,22.5724697,19.6,24,6,https://chm.cbd.int/database/record/4ACD5165-ABFA-57D0-CAB0-4FC82FB386DD,7211,123424,39.56881696,22.57246917
PRI,3201.147734,666.8285988,176163.0606,9041.14294,7.3754902,1.8171504,na,na,0,na,3201,667,7.375490059,1.817150385
PRK,25.61191087,2975.649808,115967.2688,122186.1412,2.4353416,0.0220855,7.2,na,5,https://www.cbd.int/doc/world/kp/kp-nr-05-en.pdf,26,2976,2.435341504,0.022085465
PRT,291439.4792,21112.4062,1724156.15,92141.09473,22.9131279,16.9033108,22,na,5,https://www.cbd.int/doc/world/pt/pt-nr-05-pt.pdf,291439,21112,22.91312716,16.90331117
PRY,0,57473.37524,0,401498.4235,14.3147202,0,15,0,6,https://chm.cbd.int/database/record/4406F62E-6E7A-1826-E2B9-082208FCC685, -   ,57473,14.31472003,0
PSE,0,516.7678626,0,6181.987004,8.359252,0,9,0,5,https://www.cbd.int/doc/world/ps/ps-nr-05-en.pdf, -   ,517,8.359251843,0
PYF,2022.799517,76.59604422,4795468.095,3780.061341,2.0263176,0.0421815,na,na,0,na,2023,77,2.026317494,0.042181482
QAT,733.1766709,1804.720707,31987.65323,11435.55274,15.7816658,2.2920616,na,na,0,https://www.cbd.int/doc/world/qa/qa-nr-05-ar.pdf,733,1805,15.78166572,2.292061458
REU,41.97778641,1603.642474,316498.9308,2536.304619,63.22752,0.0132632,na,na,0,na,42,1604,63.22751856,0.013263168
ROU,6866.38857,58226.68094,29726.44952,237452.8706,24.5213623,23.0985832,33,na,5,https://www.cbd.int/doc/world/ro/ro-nr-05-en.pdf,6866,58227,24.52136324,23.09858285
RUS,171391.6784,1931250.651,7673314.113,16874835.52,11.4445601,2.2336071,11.8,na,5,https://www.cbd.int/doc/world/ru/ru-nr-05-ru.pdf,171392,1931251,11.44455985,2.233606964
RWA,0,2317.479492,0,25452.13068,9.1052475,0,10.3,0,5,https://www.cbd.int/doc/world/rw/rw-nr-05-en.pdf, -   ,2317,9.105247496,0
SAU,5495.452494,301390.9529,220338.2086,1934058.339,15.5833435,2.4940987,na,na,0,https://www.cbd.int/doc/world/sa/sa-nr-05-ar.pdf,5495,301391,15.58334342,2.494098744
SDN,10661.95346,42697.53551,66785.64454,1871251.813,2.2817633,15.9644394,5.8,10,6,https://chm.cbd.int/database/record/2748B1C1-31BC-F7AF-54E0-FC64E251AA3D,10662,42698,2.281763214,15.96443897
SEN,2933.364092,52240.39224,158426.4028,197923.9723,26.3941708,1.8515626,na,2.44,6,https://chm.cbd.int/database/record/58DAD993-C79B-6275-8330-99B6F44BA483,2933,52240,26.39417128,1.851562644
SGP,0.100552483,33.58543093,762.68502,604.646128,5.5545597,0.013184,4.7,na,5,https://www.cbd.int/doc/world/sg/sg-nr-05-en.pdf,0,34,5.554559829,0.013184012
SGS,1233452.846,505.4304304,1445886.657,3971.692688,12.7258196,85.3077164,na,na,0,na,1233453,505,12.72581919,85.30771348
SHN,1590730.837,163.5577502,1647745.112,434.343214,37.6563377,96.5398636,na,na,0,na,1590731,164,37.65633834,96.53986077
SJM,83625.87379,41669.00731,1081582.098,61261.11552,68.018692,7.7318101,na,na,0,na,83626,41669,68.01868845,7.731810092
SLB,1879.382668,585.03477,1609756.547,29191.64527,2.0041173,0.1167495,5,6,5,https://www.cbd.int/doc/world/sb/sb-nr-05-en.pdf,1879,585,2.004117152,0.116749497
SLE,2611.268531,9270.170679,160452.5672,72709.02892,12.7496834,1.6274395,4,na,5,https://www.cbd.int/doc/world/sl/sl-nr-05-en.pdf,2611,9270,12.74968297,1.627439545
SLV,666.2945199,1778.397392,94238.04744,20573.30437,8.6441994,0.7070335,na,na,0,na,666.2945199,1778.397392,8.6441991,0.707033452
SOM,0,0,784501.553,637991.5854,0,0,0.8,0,5,https://www.cbd.int/doc/world/so/so-nr-05-en.pdf,0,0,0,0
SPM,7.021858766,7.163126355,12367.3281,237.589267,3.01492,0.0567775,na,na,0,na,7.021858766,7.163126355,3.014920011,0.056777492
SRB,0,7202.862846,0,88509.11514,8.13799,0,6,na,5,https://www.cbd.int/doc/world/rs/rs-nr-05-en.pdf,0,7202.862846,8.137989895,0
SSD,0,98214.48596,0,633580.479,15.5015011,0,13,0,5,https://www.cbd.int/doc/world/ss/ss-nr-05-en.pdf,0,98214.48596,15.50150126,0
STP,35.28022203,289.4169808,131709.1714,989.259888,29.255909,0.0267865,30,na,5,https://www.cbd.int/doc/world/st/st-nr-05-fr.pdf,35.28022203,289.4169808,29.25590983,0.026786458
SUR,1980.928256,21425.69157,128362.9877,147558.4488,14.5201387,1.5432239,na,na,0,na,1980.928256,21425.69157,14.52013879,1.543223862
SVK,0,18395.33071,0,48941.21743,37.5865822,0,23.3,0,5,https://www.cbd.int/doc/world/sk/sk-nr-05-en.pdf,0,18395.33071,37.58658177,0
SVN,4.330344599,8212.530125,186.314047,20308.54692,40.4387856,2.324218,13,0.4,5,https://www.cbd.int/doc/world/si/si-nr-05-en.pdf,4.330344599,8212.530125,40.43878746,2.32421799
SWE,24510.23542,69337.17029,154980.4918,449390.1761,15.4291687,15.8150454,14.5,10,6,https://chm.cbd.int/database/record/060FF276-745E-F718-DC53-A1A48915D17E,24510.23542,69337.17029,15.42916912,15.81504558
SWZ,0,738.2071097,0,17335.867,4.2582645,0,3.9,0,5,https://www.cbd.int/doc/world/sz/sz-nr-05-en.pdf,0,819.5494184,4.727478691,0
SXM,43.28255744,0.26502127,497.533856,36.455424,0.7269735,8.69942,na,na,0,na,43.28255744,0.26502127,0.726973496,8.699419531
SYC,439996.7031,299.5233561,1340839.459,486.864575,61.5208778,32.8150177,46.6,0.03,5,https://www.cbd.int/doc/world/sc/sc-nr-05-en.pdf,439996.7031,299.5233561,61.52087694,32.81501749
SYR,25.20179399,1292.567557,10203.61673,188612.6151,0.6853028,0.2469888,na,na,0,na,25.20179399,1292.567557,0.685302813,0.246988834
TCA,149.8202841,451.7378477,154242.1775,1018.174578,44.367424,0.0971332,na,na,0,na,149.8202841,451.7378477,44.36742553,0.097133149
TCD,0,267716.0991,0,1276585.969,20.9712543,0,12.3,na,5,https://www.cbd.int/doc/world/td/td-nr-05-fr.pdf,0,267716.0991,20.97125501,0
TGO,30.98741425,16080.73522,15520.93847,57480.648,27.9759121,0.1996491,na,na,0,https://chm.cbd.int/database/record/77EEB058-F6CE-9107-7EE8-1F96B95E6314,30.98741425,16080.73522,27.9759115,0.199649102
THA,13642.57856,95967.59062,306890.539,517786.6125,18.5341969,4.4454217,na,20,6,https://chm.cbd.int/database/record/46D5C83F-588E-181B-D5F7-80C3E0A7552E,13642.57856,95967.59062,18.53419696,4.445421681
TJK,0,31690.1072,0,142244.2178,22.2786617,0,na,0,0,na,0,31690.1072,22.27866109,0
TKL,9.51063377,0.998312754,321242.5226,15.181307,6.5759339,0.0029606,na,na,0,na,9.51063377,0.998312754,6.575934169,0.002960577
TKM,2331.770078,15336.26559,77885.16348,472137.5437,3.2482622,2.9938567,4,na,5,https://www.cbd.int/doc/world/tm/tm-nr-05-ru.pdf,2331.770078,15336.26559,3.248262248,2.993856563
TLS,582.9687076,2400.674939,42501.27223,15006.53549,15.997529,1.37165,na,na,0,na,582.9687076,2400.674939,15.99752948,1.371650017
TON,390.037037,96.49206766,668054.6083,766.502265,12.5886211,0.058384,na,na,0,na,390.037037,96.49206766,12.58862133,0.058384005
TTO,37.07197731,1594.834874,75798.46305,5213.102096,30.5928192,0.0489086,32,0.1,5,https://chm.cbd.int/api/v2013/documents/C7EFE124-DEAA-B14C-3D98-D0B9E66D99DE/attachments/TT%20Fifth%20National%20Report%20to%20the%20CBD_FINAL.pdf,37.07197731,1594.834874,30.59281873,0.048908613
TUN,1042.360893,12286.01772,100660.5035,155230.8391,7.9146757,1.0355213,17,10,6,https://chm.cbd.int/database/record/5DAF5DAA-D4D2-F800-CA8C-9462C5D56858,1042.360893,12286.01772,7.914675845,1.03552124
TUR,4507.632814,54379.83515,255925.9584,782238.8742,6.9518194,1.7613034,na,na,5,https://www.cbd.int/doc/world/tr/tr-nr-05-en.pdf,4507.632814,54379.83515,6.951819572,1.761303481
TUV,213.8599925,5.532730804,731900.0274,41.785977,13.2406397,0.0292198,na,na,0,No information in 5th national report,213.8599925,5.532730804,13.24064004,0.029219837
TWN,3846.48539,7145.881111,342996.9472,36245.33119,19.7153149,1.1214343,na,na,0,na,3846.48539,7145.881111,19.71531471,1.121434293
TZA,7330.4453,363541.4568,243129.5958,947252.6908,38.3785095,3.0150361,54.6,6.5,6,https://chm.cbd.int/database/record/57914673-CF81-82CF-0808-C76D810BAB97,7330.4453,363541.4568,38.37850874,3.01503619
UGA,0,39053.54918,0,243144.8535,16.0618458,0,18,0,5,https://www.cbd.int/doc/world/ug/ug-nr-05-en.pdf,0,39053.54918,16.06184487,0
UKR,12461.99405,77621.33198,134873.1664,598828.7966,12.9621906,9.2397871,6.05,na,5,https://www.cbd.int/doc/world/ua/ua-nr-05-en.pdf,12461.99405,77621.33198,12.96219094,9.239787556
UMI,1275677.984,363.4979084,1964384.514,363.495,100.0008011,64.9403381,na,na,0,na,1275677.984,363.4979084,100.0008001,64.94034009
URY,978.8871812,6558.530917,130097.9744,178459.889,3.6750729,0.752423,8.6,na,6,https://chm.cbd.int/database/record/50CCF748-F428-8010-744B-D5B1BD5F3A66,978.8871812,6558.530917,3.675072844,0.752423076
USA,1636523.094,1235483.577,8591493.148,9490391.294,13.0182571,19.0481796,0,0,0,na,1636523.094,1235483.577,13.01825751,19.04818017
UZB,0,42821.54989,0,450362.5106,9.5082407,0,5,0,5,https://www.cbd.int/doc/world/uz/uz-nr-05-en.pdf,0,42821.54989,9.508240337,0
VCT,80.35965055,91.8995044,36510.93366,409.906569,22.4196224,0.2200975,na,8.5,5,https://www.cbd.int/doc/world/vc/vc-nr-05-en.pdf,80.35965055,91.8995044,22.41962226,0.220097495
VEN,20594.69986,521789.519,473325.0963,917367.6523,56.8789978,4.3510685,na,na,5,https://www.cbd.int/doc/world/ve/ve-nr-05-es.pdf,20594.69986,521789.519,56.87899696,4.351068647
VGB,3.314328676,15.99553782,80529.47601,175.605042,9.1088142,0.0041157,na,na,na,na,3.314328676,15.99553782,9.108814663,0.004115671
VIR,307.0367587,53.96808454,36030.25521,375.62477,14.3675518,0.8521637,na,na,na,na,307.0367587,53.96808454,14.3675521,0.852163708
VNM,3630.264972,24994.31243,647232.2216,329880.371,7.5767808,0.5608906,7,na,5,https://www.cbd.int/doc/world/vn/vn-nr-05-en.pdf,3630.264972,24994.31243,7.576780747,0.560890643
VUT,47.50986738,528.2222293,622073.2227,12575.12729,4.200532,0.0076373,na,na,na,na,47.50986738,528.2222293,4.200531868,0.007637343
WLF,0,0.301678746,259805.4408,180.605517,0.1670374,0,na,na,na,na,0,0.301678746,0.167037393,0
WSM,190.5377514,238.0233464,132305.5976,2893.945283,8.2248735,0.1440134,na,na,5,https://www.cbd.int/doc/world/ws/ws-nr-05-en.pdf,190.5377514,238.0233464,8.224873766,0.144013371
YEM,2562.368242,3519.593039,548013.9807,455938.919,0.771944,0.4675735,na,na,5,https://www.cbd.int/doc/world/ye/ye-nr-05-en.pdf,2562.368242,3519.593039,0.77194398,0.467573517
ZAF,239049.9093,113730.5677,1542559.897,1224384.577,9.2887945,15.4969616,12.96,10,6,https://chm.cbd.int/database/record/33303CBE-1BB9-9034-35F8-283CC0A1D63F,239622.5034,198650.8737,16.22454885,15.53408097
ZMB,0,311772.6865,0,755640.3907,41.2593994,0,37.8,0,6,https://chm.cbd.int/database/record/AB99C119-FDF3-C589-9CBB-B0B2C39A58C8,0,311772.6865,41.25939936,0
ZWE,0,106837.8044,0,392573.2003,27.2147465,0,28,0,5,https://www.cbd.int/doc/world/zw/zw-nr-05-en.pdf,0,106837.8044,27.2147473,0
