name,iso,iso_3,language,region,bounding_box
Afghanistan,AF,AFG,,Asia & Pacific,"POLYGON((60.4867777910001 29.3866053260001,60.4867777910001 38.4736734020001,74.8923067630001 38.4736734020001,74.8923067630001 29.3866053260001,60.4867777910001 29.3866053260001))"
Åland Islands,AX,ALA,swedish,Europe,"POLYGON((19.5131942070001 59.9044863950001,19.5131942070001 60.4807803410001,21.0966903000001 60.4807803410001,21.0966903000001 59.9044863950001,19.5131942070001 59.9044863950001))"
Albania,AL,ALB,,Europe,"POLYGON((19.2720325110001 39.637013245,19.2720325110001 42.6548135380001,21.0366793210001 42.6548135380001,21.0366793210001 39.637013245,19.2720325110001 39.637013245))"
Algeria,DZ,DZA,,Africa,"POLYGON((-8.68238521299992 18.9755612180001,-8.68238521299992 37.0939395200001,11.9688607170001 37.0939395200001,11.9688607170001 18.9755612180001,-8.68238521299992 18.9755612180001))"
American Samoa,AS,ASM,english,Asia & Pacific,"POLYGON((-171.086537239 -14.5328915339999,-171.086537239 -11.0513648419999,-168.160471158 -11.0513648419999,-168.160471158 -14.5328915339999,-171.086537239 -14.5328915339999))"
Andorra,AD,AND,,Europe,"POLYGON((1.4064563390001 42.4286774700001,1.4064563390001 42.649361674,1.76509078000015 42.649361674,1.76509078000015 42.4286774700001,1.4064563390001 42.4286774700001))"
Angola,AO,AGO,portuguese,Africa,"POLYGON((11.6693941430001 -18.0314047239998,11.6693941430001 -4.39120371499996,24.0617143150001 -4.39120371499996,24.0617143150001 -18.0314047239998,11.6693941430001 -18.0314047239998))"
Anguilla,AI,AIA,english,Latin America & Caribbean,"POLYGON((-63.4288223949999 18.1690941430001,-63.4288223949999 18.6012637390001,-62.9726456369999 18.6012637390001,-62.9726456369999 18.1690941430001,-63.4288223949999 18.1690941430001))"
Antigua and Barbuda,AG,ATG,english,Latin America & Caribbean,"POLYGON((-61.8941544259999 16.9892438820001,-61.8941544259999 17.7276878930001,-61.6675919259999 17.7276878930001,-61.6675919259999 16.9892438820001,-61.8941544259999 16.9892438820001))"
Argentina,AR,ARG,spanish,Latin America & Caribbean,"POLYGON((-73.5880358489999 -55.0520158829998,-73.5880358489999 -21.7869377639999,-53.6615518799999 -21.7869377639999,-53.6615518799999 -55.0520158829998,-73.5880358489999 -55.0520158829998))"
Armenia,AM,ARM,,Europe,"POLYGON((43.4362939860001 38.8637012740001,43.4362939860001 41.2904523730002,46.6026123460001 41.2904523730002,46.6026123460001 38.8637012740001,43.4362939860001 38.8637012740001))"
Aruba,AW,ABW,dutch,Latin America & Caribbean,"POLYGON((-70.0624080069999 12.417669989,-70.0624080069999 12.6321475280001,-69.8768204419999 12.6321475280001,-69.8768204419999 12.417669989,-70.0624080069999 12.417669989))"
Australia,AU,AUS,english,Asia & Pacific,"POLYGON((112.919444207 -54.750420831,112.919444207 -9.24016692499987,159.106455925 -9.24016692499987,159.106455925 -54.750420831,112.919444207 -54.750420831))"
Austria,AT,AUT,german,Europe,"POLYGON((9.52115482500011 46.3786430870001,9.52115482500011 49.0097744750001,17.1483378500001 49.0097744750001,17.1483378500001 46.3786430870001,9.52115482500011 46.3786430870001))"
Azerbaijan,AZ,AZE,,Europe,"POLYGON((44.7745585530002 38.392644755,44.7745585530002 41.8904415900002,50.6257430350001 41.8904415900002,50.6257430350001 38.392644755,44.7745585530002 38.392644755))"
Bahamas,BS,BHS,english,Latin America & Caribbean,"POLYGON((-79.5943497389999 20.9123989090001,-79.5943497389999 26.9284121770001,-72.7461645169999 26.9284121770001,-72.7461645169999 20.9123989090001,-79.5943497389999 20.9123989090001))"
Bahrain,BH,BHR,,West Asia,"POLYGON((50.448903842 25.7895368510001,50.448903842 26.242580471,50.6456598131816 26.242580471,50.6456598131816 25.7895368510001,50.448903842 25.7895368510001))"
Bangladesh,BD,BGD,,Asia & Pacific,"POLYGON((88.0217895920001 20.738714911,88.0217895920001 26.6235440070001,92.6428511970002 26.6235440070001,92.6428511970002 20.738714911,88.0217895920001 20.738714911))"
Barbados,BB,BRB,english,Latin America & Caribbean,"POLYGON((-59.6542048819999 13.051174221,-59.6542048819999 13.344549872,-59.4269099599999 13.344549872,-59.4269099599999 13.051174221,-59.6542048819999 13.051174221))"
Belarus,BY,BLR,,Europe,"POLYGON((23.165644979 51.2351683560001,23.165644979 56.1568059290001,32.7195321040001 56.1568059290001,32.7195321040001 51.2351683560001,23.165644979 51.2351683560001))"
Belgium,BE,BEL,dutch,Europe,"POLYGON((2.52179992769047 49.495222881,2.52179992769047 51.4962376910001,6.37452518700007 51.4962376910001,6.37452518700007 49.495222881,2.52179992769047 49.495222881))"
Belize,BZ,BLZ,english,Latin America & Caribbean,"POLYGON((-89.2365122079999 15.8796519990001,-89.2365122079999 18.4907587690001,-87.7830704419999 18.4907587690001,-87.7830704419999 15.8796519990001,-89.2365122079999 15.8796519990001))"
Benin,BJ,BEN,french,Africa,"POLYGON((0.759880818000113 6.21389923179639,0.759880818000113 12.3992442830001,3.83741906700001 12.3992442830001,3.83741906700001 6.21389923179639,0.759880818000113 6.21389923179639))"
Bermuda,BM,BMU,english,Latin America & Caribbean,"POLYGON((-64.8859939889704 32.2480773815958,-64.8859939889704 32.3886579450001,-64.6476307056406 32.3886579450001,-64.6476307056406 32.2480773815958,-64.8859939889704 32.2480773815958))"
Bhutan,BT,BTN,,Asia & Pacific,"POLYGON((88.7300667720001 26.6961493940002,88.7300667720001 28.3583989307863,92.0887764890001 28.3583989307863,92.0887764890001 26.6961493940002,88.7300667720001 26.6961493940002))"
Bolivia (Plurinational State of),BO,BOL,spanish,Latin America & Caribbean,"POLYGON((-69.6664922699999 -22.8972575879999,-69.6664922699999 -9.67982147199997,-57.4656607669999 -9.67982147199997,-57.4656607669999 -22.8972575879999,-69.6664922699999 -22.8972575879999))"
"Bonaire, Sint Eustatius, and Saba",BQ,BES,dutch,Latin America & Caribbean,"POLYGON((-68.9290466699890203 12.24573161684712197,-68.29158146128531826 11.72157091807712881,-62.57287183537821562 17.59092555744438613,-63.2195756702950149 17.9692107578839142,-68.9290466699890203 12.24573161684712197))"
Bosnia and Herzegovina,BA,BIH,,Europe,"POLYGON((15.7160738520001 42.5592121380002,15.7160738520001 45.2845238250002,19.618884725 45.2845238250002,19.618884725 42.5592121380002,15.7160738520001 42.5592121380002))"
Botswana,BW,BWA,english,Africa,"POLYGON((19.9783459880001 -26.891794128,19.9783459880001 -17.7818075559999,29.3500736890001 -17.7818075559999,29.3500736890001 -26.891794128,19.9783459880001 -26.891794128))"
Bouvet Island,BV,BVT,,Polar,"POLYGON((3.25071418752833274 -54.37104917851985419,3.24791051960030286 -54.47897250631232424,3.52173542057128319 -54.48005844911008921,3.51706264069123264 -54.37322676235029206,3.25071418752833274 -54.37104917851985419))"
Brazil,BR,BRA,portuguese,Latin America & Caribbean,"POLYGON((-74.018474691 -33.742280375,-74.018474691 5.26722483300009,-28.8770645819999 5.26722483300009,-28.8770645819999 -33.742280375,-74.018474691 -33.742280375))"
British Indian Ocean Territory,IO,IOT,english,Asia & Pacific,"POLYGON((71.260996941 -7.43222421699987,71.260996941 -5.22698333099991,72.4946395190001 -5.22698333099991,72.4946395190001 -7.43222421699987,71.260996941 -7.43222421699987))"
British Virgin Islands,VG,VGB,english,Latin America & Caribbean,"POLYGON((-64.7739965489999 18.3346621770001,-64.7739965489999 18.74624258,-64.2707413399999 18.74624258,-64.2707413399999 18.3346621770001,-64.7739965489999 18.3346621770001))"
Brunei Darussalam,BN,BRN,,Asia & Pacific,"POLYGON((113.99878991 4.01668101000011,113.99878991 5.05719635600018,115.360741008 5.05719635600018,115.360741008 4.01668101000011,113.99878991 4.01668101000011))"
Bulgaria,BG,BGR,,Europe,"POLYGON((22.3450232340001 41.2381041470001,22.3450232340001 44.228434539,28.6035262380001 44.228434539,28.6035262380001 41.2381041470001,22.3450232340001 41.2381041470001))"
Burkina Faso,BF,BFA,french,Africa,"POLYGON((-5.52257808499988 9.39188262900012,-5.52257808499988 15.0799075320001,2.39016890400009 15.0799075320001,2.39016890400009 9.39188262900012,-5.52257808499988 9.39188262900012))"
Burundi,BI,BDI,,Africa,"POLYGON((28.9868917230001 -4.46334401499993,30.8339624430001 -2.30306243899987,30.8339624430001 -4.46334401499993,28.9868917230001 -4.46334401499993))"
Cambodia,KH,KHM,,Asia & Pacific,"POLYGON((102.313423706 10.4157736200001,102.313423706 14.7045816050001,107.610516399 14.7045816050001,107.610516399 10.4157736200001,102.313423706 10.4157736200001))"
Cameroon,CM,CMR,french,Africa,"POLYGON((8.50505618600005 1.65455129000014,8.50505618600005 13.081140646,16.2077234290001 13.081140646,16.2077234290001 1.65455129000014,8.50505618600005 1.65455129000014))"
Canada,CA,CAN,english,North America,"POLYGON((-141.005548637109 41.6690855920001,-141.005548637109 83.1165225280001,-52.616607226 83.1165225280001,-52.616607226 41.6690855920001,-141.005548637109 41.6690855920001))"
Cabo Verde,CV,CPV,portuguese,Africa,"POLYGON((-25.3604223299999 14.8039411480001,-25.3604223299999 17.196600653,-22.6665746739999 17.196600653,-22.6665746739999 14.8039411480001,-25.3604223299999 14.8039411480001))"
Cayman Islands,KY,CYM,english,Latin America & Caribbean,"POLYGON((-81.4165420209999 19.2638636150001,-81.4165420209999 19.7576308370001,-79.7266426919999 19.7576308370001,-79.7266426919999 19.2638636150001,-81.4165420209999 19.2638636150001))"
Central African Republic,CF,CAF,,Africa,"POLYGON((14.3872660720001 2.23645375600006,14.3872660720001 11.0008283490001,27.4413013100001 11.0008283490001,27.4413013100001 2.23645375600006,14.3872660720001 2.23645375600006))"
Chad,TD,TCD,french,Africa,"POLYGON((13.4491837970001 7.45556671100012,13.4491837970001 23.4447199510001,23.9844063720001 23.4447199510001,23.9844063720001 7.45556671100012,13.4491837970001 7.45556671100012))"
Chile,CL,CHL,spanish,Latin America & Caribbean,"POLYGON((-109.453724739 -55.9185042229998,-109.453724739 -17.506588198,-66.4208064439999 -17.506588198,-66.4208064439999 -55.9185042229998,-109.453724739 -55.9185042229998))"
China,CN,CHN,,Asia & Pacific,"POLYGON((73.6022563070002 15.775376695,73.6022563070002 53.569444479,134.772579387 53.569444479,134.772579387 15.775376695,73.6022563070002 15.775376695))"
Christmas Island,CX,CXR,english,Asia & Pacific,"POLYGON((105.33421235523421444 -10.20660889375082547,105.34275793082649386 -10.75700138080376966,105.93809969708897256 -10.76539667322045801,105.92955412149669314 -10.20660889375082547,105.33421235523421444 -10.20660889375082547))"
Cocos (Keeling) Islands,CC,CCK,english,Asia & Pacific,"POLYGON((96.60938526580837049 -11.62797692853493814,96.60758164177877916 -12.4235527686099978,97.17572321109865641 -12.4305982340912049,97.08013113753055734 -11.60854356098847973,96.60938526580837049 -11.62797692853493814))"
Colombia,CO,COL,spanish,Latin America & Caribbean,"POLYGON((-81.72370358 -4.23648447699985,-81.72370358 13.5783552100001,-66.8750605879999 13.5783552100001,-66.8750605879999 -4.23648447699985,-81.72370358 -4.23648447699985))"
Comoros,KM,COM,,Africa,"POLYGON((43.2132267590002 -12.3803036439999,43.2132267590002 -11.3612606749999,44.5290633470001 -11.3612606749999,44.5290633470001 -12.3803036439999,43.2132267590002 -12.3803036439999))"
Congo,CG,COG,french,Africa,"POLYGON((11.1140163040629 -5.01963083599986,11.1140163040629 3.70827606200005,18.64240686 3.70827606200005,18.64240686 -5.01963083599986,11.1140163040629 -5.01963083599986))"
Democratic Republic of Congo,CD,COD,french,Africa,"POLYGON((12.2105548693531 -13.4583505239999,12.2105548693531 5.37528025300014,31.2804468180001 5.37528025300014,31.2804468180001 -13.4583505239999,12.2105548693531 -13.4583505239999))"
Cook Islands,CK,COK,english,Asia & Pacific,"POLYGON((-165.824533658 -21.9388973939999,-165.824533658 -8.94670989399988,-157.312814908 -8.94670989399988,-157.312814908 -21.9388973939999,-165.824533658 -21.9388973939999))"
Costa Rica,CR,CRI,spanish,Latin America & Caribbean,"POLYGON((-87.1176651679999 5.51508209800012,-87.1176651679999 11.2099370320002,-82.5628368739999 11.2099370320002,-82.5628368739999 5.51508209800012,-87.1176651679999 5.51508209800012))"
Croatia,HR,HRV,,Europe,"POLYGON((13.5014754570001 42.4163272160001,13.5014754570001 46.5469790650001,19.4078381750001 46.5469790650001,19.4078381750001 42.4163272160001,13.5014754570001 42.4163272160001))"
Cuba,CU,CUB,spanish,Latin America & Caribbean,"POLYGON((-84.9496150379999 19.827826239,-84.9496150379999 23.2655703800001,-74.1328832669999 23.2655703800001,-74.1328832669999 19.827826239,-84.9496150379999 19.827826239))"
Curaçao,CW,CUW,dutch,Latin America & Caribbean,"POLYGON((-69.1717423169999 12.041327216,-69.1717423169999 12.3915062520001,-68.7397354809999 12.3915062520001,-68.7397354809999 12.041327216,-69.1717423169999 12.041327216))"
Cyprus,CY,CYP,,Europe,"POLYGON((32.2717391290002 34.6250194300001,32.2717391290002 35.1870821302553,34.0991317070001 35.1870821302553,34.0991317070001 34.6250194300001,32.2717391290002 34.6250194300001))"
Czech Republic,CZ,CZE,,Europe,"POLYGON((12.076140991 48.557915752,12.076140991 51.0400123090001,18.8374337160001 51.0400123090001,18.8374337160001 48.557915752,12.076140991 48.557915752))"
Denmark,DK,DNK,danish,Europe,"POLYGON((8.09400475400008 54.5685895850001,8.09400475400008 57.7511660830001,15.1513778000001 57.7511660830001,15.1513778000001 54.5685895850001,8.09400475400008 54.5685895850001))"
Djibouti,DJ,DJI,french,Africa,"POLYGON((41.7491101480001 10.9298249310001,41.7491101480001 12.7079125020001,43.4187117850001 12.7079125020001,43.4187117850001 10.9298249310001,41.7491101480001 10.9298249310001))"
Dominica,DM,DMA,english,Latin America & Caribbean,"POLYGON((-61.4889216789999 15.201808986,-61.4889216789999 15.6338565120001,-61.2492569649999 15.6338565120001,-61.2492569649999 15.201808986,-61.4889216789999 15.201808986))"
Dominican Republic,DO,DOM,spanish,Latin America & Caribbean,"POLYGON((-72.0098376059999 17.5455589860001,-72.0098376059999 19.9376895200001,-68.3286026679999 19.9376895200001,-68.3286026679999 17.5455589860001,-72.0098376059999 17.5455589860001))"
Ecuador,EC,ECU,spanish,Latin America & Caribbean,"POLYGON((-92.0115860669999 -5.01137257899988,-92.0115860669999 1.66437409100016,-75.2272639579999 1.66437409100016,-75.2272639579999 -5.01137257899988,-92.0115860669999 -5.01137257899988))"
Egypt,EG,EGY,,Africa,"POLYGON((24.6883427320001 21.9943692020002,24.6883427320001 31.6564802100001,36.8991805350002 31.6564802100001,36.8991805350002 21.9943692020002,24.6883427320001 21.9943692020002))"
El Salvador,SV,SLV,,Latin America & Caribbean,"POLYGON((-90.1147790119999 13.1586367860001,-90.1147790119999 14.4453726200001,-87.6931935119999 14.4453726200001,-87.6931935119999 13.1586367860001,-90.1147790119999 13.1586367860001))"
Equatorial Guinea,GQ,GNQ,spanish,Africa,"POLYGON((5.61198978000007 -1.47568124799986,5.61198978000007 3.77240631700012,11.3363411870001 3.77240631700012,11.3363411870001 -1.47568124799986,5.61198978000007 -1.47568124799986))"
Eritrea,ER,ERI,,Africa,"POLYGON((36.4236470950001 12.3600218710001,36.4236470950001 18.004828192,43.1238712900001 18.004828192,43.1238712900001 12.3600218710001,36.4236470950001 12.3600218710001))"
Estonia,EE,EST,,Europe,"POLYGON((21.8323673840001 57.5158185830001,21.8323673840001 59.6708845070001,28.1864754640001 59.6708845070001,28.1864754640001 57.5158185830001,21.8323673840001 57.5158185830001))"
Ethiopia,ET,ETH,,Africa,"POLYGON((32.9897998450001 3.40333343500009,32.9897998450001 14.8795321660001,47.9791691490001 14.8795321660001,47.9791691490001 3.40333343500009,32.9897998450001 3.40333343500009))"
Falkland Islands (Malvinas),FK,FLK,english,Latin America & Caribbean,"POLYGON((-61.3181860019999 -52.4065227259999,-61.3181860019999 -51.0277645809999,-57.7342830069999 -51.0277645809999,-57.7342830069999 -52.4065227259999,-61.3181860019999 -52.4065227259999))"
Faroe Islands,FO,FRO,,Europe,"POLYGON((-7.64415442599994 61.3941104190001,-7.64415442599994 62.3989118510001,-6.27578691299991 62.3989118510001,-6.27578691299991 61.3941104190001,-7.64415442599994 61.3941104190001))"
Fiji,FJ,FJI,english,Asia & Pacific,"POLYGON((173 -22, 173 -11, 180 -11, 180 -22, 173 -22))"
Finland,FI,FIN,finnish,Europe,"POLYGON((20.62316451 59.811224677,20.62316451 70.0753103640001,31.5695247800001 70.0753103640001,31.5695247800001 59.811224677,20.62316451 59.811224677))"
France,FR,FRA,french,Europe,"POLYGON((-6 41, -6 52, 9 52, 9 41, -6 41))"
French Guyana,GF,GUF,french,Latin America & Caribbean,"POLYGON((-54.62777956974332483 5.86008108626166191,-54.58293830828176141 1.95380906920173625,-51.20489661151056993 1.93887060545761947,-51.3842616573568236 5.84521191184669409,-54.62777956974332483 5.86008108626166191))"
French Polynesia,PF,PYF,french,Asia & Pacific,"POLYGON((-154.536976692 -27.6412085919999,-154.536976692 -7.95012786299982,-134.942982551 -7.95012786299982,-134.942982551 -27.6412085919999,-154.536976692 -27.6412085919999))"
Terres australes et antarctiques françaises,TF,ATF,french,Polar,"POLYGON((39.7282820970001 -49.7216122379999,39.7282820970001 -11.5506324199998,77.5852156910001 -11.5506324199998,77.5852156910001 -49.7216122379999,39.7282820970001 -49.7216122379999))"
Gabon,GA,GAB,french,Africa,"POLYGON((8.69556725400014 -3.93685618990304,8.69556725400014 2.32249501600009,14.4989905190001 2.32249501600009,14.4989905190001 -3.93685618990304,8.69556725400014 -3.93685618990304))"
Gambia,GM,GMB,english,Africa,"POLYGON((-16.8297013009999 13.0650088560001,-16.8297013009999 13.8199844360001,-13.8187125249999 13.8199844360001,-13.8187125249999 13.0650088560001,-16.8297013009999 13.0650088560001))"
Georgia,GE,GEO,,Europe,"POLYGON((39.9859763554231 41.0441108200001,39.9859763554231 43.5758425900001,46.6948031010001 43.5758425900001,46.6948031010001 41.0441108200001,39.9859763554231 41.0441108200001))"
Germany,DE,DEU,german,Europe,"POLYGON((5.85248986800011 47.271120911,5.85248986800011 55.065334377,15.0220593670001 55.065334377,15.0220593670001 47.271120911,5.85248986800011 47.271120911))"
Ghana,GH,GHA,english,Africa,"POLYGON((-3.26250931799999 4.7371279970001,-3.26250931799999 11.162937317,1.18796838400004 11.162937317,1.18796838400004 4.7371279970001,-3.26250931799999 4.7371279970001))"
Gibraltar,GI,GIB,english,Europe,"POLYGON((-5.35838675876349 36.1105003930001,-5.35838675876349 36.1411196720123,-5.33877348311998 36.1411196720123,-5.33877348311998 36.1105003930001,-5.35838675876349 36.1105003930001))"
Greece,GR,GRC,,Europe,"POLYGON((19.6264754570001 34.8150088560001,19.6264754570001 41.7504759730001,28.2397567070001 41.7504759730001,28.2397567070001 34.8150088560001,19.6264754570001 34.8150088560001))"
Greenland,GL,GRL,,Polar,"POLYGON((-73.0572403639999 59.792629299,-73.0572403639999 83.6341006530001,-11.3768204419999 83.6341006530001,-11.3768204419999 59.792629299,-73.0572403639999 59.792629299))"
Grenada,GD,GRD,english,Latin America & Caribbean,"POLYGON((-61.7905167309999 12.0028343770001,-61.7905167309999 12.5297305360001,-61.4216202459999 12.5297305360001,-61.4216202459999 12.0028343770001,-61.7905167309999 12.0028343770001))"
Guadeloupe,GP,GLP,french,Latin America & Caribbean,"POLYGON((-62.02303337868602995 16.68528063512281889,-61.97635133173933042 15.71900183096047776,-60.80930015807213351 15.69902919415901543,-60.793739475756567 16.74986029605141979,-62.02303337868602995 16.68528063512281889))"
Guam,GU,GUM,english,Asia & Pacific,"POLYGON((144.624196811 13.2410342470001,144.624196811 13.6541201840001,144.95215905 13.6541201840001,144.95215905 13.2410342470001,144.624196811 13.2410342470001))"
Guatemala,GT,GTM,spanish,Latin America & Caribbean,"POLYGON((-92.2462338320825 13.7289030478944,-92.2462338320825 17.8160195930001,-88.2209221351212 17.8160195930001,-88.2209221351212 13.7289030478944,-92.2462338320825 13.7289030478944))"
Guernsey,GG,GGY,english,Europe,"POLYGON((-2.67345130099989 49.4115664730001,-2.67345130099989 49.731390692,-2.17031816299993 49.731390692,-2.17031816299993 49.4115664730001,-2.67345130099989 49.4115664730001))"
Guinea,GN,GIN,french,Africa,"POLYGON((-15.0811254549999 7.19020823200012,-15.0811254549999 12.673387757,-7.66244746999996 12.673387757,-7.66244746999996 7.19020823200012,-15.0811254549999 7.19020823200012))"
Guinea-Bissau,GW,GNB,portuguese,Africa,"POLYGON((-16.7284367771401 10.9276390650001,-16.7284367771401 12.6794339000001,-13.6607118329999 12.6794339000001,-13.6607118329999 10.9276390650001,-16.7284367771401 10.9276390650001))"
Guyana,GY,GUY,english,Latin America & Caribbean,"POLYGON((-61.396712809 1.18582021100013,-61.396712809 8.55801015800012,-56.4818190109999 8.55801015800012,-56.4818190109999 1.18582021100013,-61.396712809 1.18582021100013))"
Haiti,HT,HTI,french,Latin America & Caribbean,"POLYGON((-74.4891658189999 18.0259463560001,-74.4891658189999 20.08978913,-71.6391108809999 20.08978913,-71.6391108809999 18.0259463560001,-74.4891658189999 18.0259463560001))"
Heard Island and McDonald Islands,HM,HMD,,Polar,"POLYGON((73.236013217 -53.1925595029999,73.236013217 -52.9616024719999,73.8121850920001 -52.9616024719999,73.8121850920001 -53.1925595029999,73.236013217 -53.1925595029999))"
Vatican City,VA,VAT,italian,Europe,"POLYGON((12.4527140820001 41.9027519410001,12.4527140820001 41.9039147380001,12.4540354420001 41.9039147380001,12.4540354420001 41.9027519410001,12.4527140820001 41.9027519410001))"
Honduras,HN,HND,spanish,Latin America & Caribbean,"POLYGON((-89.3637912599999 12.9797773240001,-89.3637912599999 17.4186465520001,-83.1304418609999 17.4186465520001,-83.1304418609999 12.9797773240001,-89.3637912599999 12.9797773240001))"
"Hong Kong, SAR China",HK,HKG,,Asia & Pacific,"POLYGON((113.837331576 22.177069403,113.837331576 22.5639460320001,114.40129642 22.5639460320001,114.40129642 22.177069403,113.837331576 22.177069403))"
Hungary,HU,HUN,hungarian,Europe,"POLYGON((16.0940352780001 45.741343486,16.0940352780001 48.5692328900001,22.8776005460001 48.5692328900001,22.8776005460001 45.741343486,16.0940352780001 45.741343486))"
Iceland,IS,ISL,,Europe,"POLYGON((-24.539906379 63.3967145850001,-24.539906379 66.564154364,-13.5029190749999 66.564154364,-13.5029190749999 63.3967145850001,-24.539906379 63.3967145850001))"
India,IN,IND,,Asia & Pacific,"POLYGON((68.1434025400001 6.74555084800015,68.1434025400001 35.4954055790001,97.3622530520001 35.4954055790001,97.3622530520001 6.74555084800015,68.1434025400001 6.74555084800015))"
Indonesia,ID,IDN,,Asia & Pacific,"POLYGON((95.0127059250001 -10.9226213519998,95.0127059250001 5.9101016300001,140.977626994 5.9101016300001,140.977626994 -10.9226213519998,95.0127059250001 -10.9226213519998))"
Côte D'Ivoire,CI,CIV,french,Africa,"POLYGON((-8.61871984899992 4.34406159100013,-8.61871984899992 10.7264781700001,-2.50632808399993 10.7264781700001,-2.50632808399993 4.34406159100013,-8.61871984899992 4.34406159100013))"
Iran (Islamic Republic Of),IR,IRN,,Asia & Pacific,"POLYGON((44.0148633220001 25.0594081650001,44.0148633220001 39.7715269980001,63.3196281330001 39.7715269980001,63.3196281330001 25.0594081650001,44.0148633220001 25.0594081650001))"
Iraq,IQ,IRQ,,West Asia,"POLYGON((38.7745113520001 29.063136699,38.7745113520001 37.3754975380001,48.5592554050001 37.3754975380001,48.5592554050001 29.063136699,38.7745113520001 29.063136699))"
Ireland,IE,IRL,,Europe,"POLYGON((-10.4781794909999 51.4457054710001,-10.4781794909999 55.386379299,-5.99351966099994 55.386379299,-5.99351966099994 51.4457054710001,-10.4781794909999 51.4457054710001))"
Isle of Man,IM,IMN,english,Europe,"POLYGON((-4.79015051999994 54.0569522160001,-4.79015051999994 54.4190127620001,-4.3119197259999 54.4190127620001,-4.3119197259999 54.0569522160001,-4.79015051999994 54.0569522160001))"
Israel,IL,ISR,,Europe,"POLYGON((34.2483508570001 29.4896914730001,34.2483508570001 33.4067217000001,35.8880725500002 33.4067217000001,35.8880725500002 29.4896914730001,34.2483508570001 29.4896914730001))"
Italy,IT,ITA,italian,Europe,"POLYGON((6.60272831200007 35.489243882,6.60272831200007 47.085214945,18.5174259770001 47.085214945,18.5174259770001 35.489243882,6.60272831200007 35.489243882))"
Jamaica,JM,JAM,,Latin America & Caribbean,"POLYGON((-78.3746638659999 17.70319245,-78.3746638659999 18.525091864,-76.1879776679999 18.525091864,-76.1879776679999 17.70319245,-78.3746638659999 17.70319245))"
Japan,JP,JPN,,Asia & Pacific,"POLYGON((122.938161655 24.212103583,122.938161655 45.5204125020001,153.985606316 45.5204125020001,153.985606316 24.212103583,122.938161655 24.212103583))"
Jersey,JE,JEY,english,Europe,"POLYGON((-2.24201412699992 49.1713320980001,-2.24201412699992 49.267035223,-2.00829016799992 49.267035223,-2.00829016799992 49.1713320980001,-2.24201412699992 49.1713320980001))"
Jordan,JO,JOR,,West Asia,"POLYGON((34.949385116681 29.189950664,34.949385116681 33.3716850790001,39.2919991450001 33.3716850790001,39.2919991450001 29.189950664,34.949385116681 29.189950664))"
Kazakhstan,KZ,KAZ,,Europe,"POLYGON((46.478278849 40.5846556600001,46.478278849 55.4345502730001,87.3237960210001 55.4345502730001,87.3237960210001 40.5846556600001,46.478278849 40.5846556600001))"
Kenya,KE,KEN,,Africa,"POLYGON((33.8904683840002 -4.67750416499996,33.8904683840002 5.03037582260775,41.8850191650001 5.03037582260775,41.8850191650001 -4.67750416499996,33.8904683840002 -4.67750416499996))"
Kiribati,KI,KIR,english,Asia & Pacific,"POLYGON((166 -11, 166 53, 179 53, 179 -11, 166 -11))"
Kuwait,KW,KWT,,West Asia,"POLYGON((46.5324357500001 28.5335049440001,46.5324357500001 30.0982156370001,48.4327812271219 30.0982156370001,48.4327812271219 28.5335049440001,46.5324357500001 28.5335049440001))"
Kyrgyzstan,KG,KGZ,,Europe,"POLYGON((69.2262960200001 39.1892369590001,69.2262960200001 43.2617015580001,80.2575606690001 43.2617015580001,80.2575606690001 39.1892369590001,69.2262960200001 39.1892369590001))"
"Lao People's Democratic Republic",LA,LAO,,Asia & Pacific,"POLYGON((100.097073202 13.9154566450001,100.097073202 22.4960440070001,107.66436324 22.4960440070001,107.66436324 13.9154566450001,100.097073202 13.9154566450001))"
Latvia,LV,LVA,,Europe,"POLYGON((20.9685978520001 55.6669908660001,20.9685978520001 58.0751384490001,28.2172746170001 58.0751384490001,28.2172746170001 55.6669908660001,20.9685978520001 55.6669908660001))"
Lebanon,LB,LBN,,West Asia,"POLYGON((35.0996199880001 33.055580342,35.0996199880001 34.687547913,36.604101196 34.687547913,36.604101196 33.055580342,35.0996199880001 33.055580342))"
Lesotho,LS,LSO,,Africa,"POLYGON((27.0021549890001 -30.6587993359999,27.0021549890001 -28.570761414,29.4359082440001 -28.570761414,29.4359082440001 -30.6587993359999,27.0021549890001 -30.6587993359999))"
Liberia,LR,LBR,english,Africa,"POLYGON((-11.4761856759999 4.34723541900004,-11.4761856759999 8.56539560900008,-7.38411820499996 8.56539560900008,-7.38411820499996 4.34723541900004,-11.4761856759999 4.34723541900004))"
Libya,LY,LBY,,Africa,"POLYGON((9.28654382300007 19.496123759,9.28654382300007 33.1812253147281,25.1562606130001 33.1812253147281,25.1562606130001 19.496123759,9.28654382300007 19.496123759))"
Liechtenstein,LI,LIE,german,Europe,"POLYGON((9.47588627100012 47.0524004120001,9.47588627100012 47.2628010050001,9.61572269700011 47.2628010050001,9.61572269700011 47.0524004120001,9.47588627100012 47.0524004120001))"
Lithuania,LT,LTU,,Europe,"POLYGON((20.9245687005624 53.8868411260001,20.9245687005624 56.4426024370001,26.8007202560001 56.4426024370001,26.8007202560001 53.8868411260001,20.9245687005624 53.8868411260001))"
Luxembourg,LU,LUX,french,Europe,"POLYGON((5.71492720500004 49.441324362,5.71492720500004 50.1749746710001,6.50257938700014 50.1749746710001,6.50257938700014 49.441324362,5.71492720500004 49.441324362))"
"Macau, SAR China",MO,MAC,,Asia & Pacific,"POLYGON((113.519867384 22.1053734400001,113.519867384 22.220770575,113.587494337 22.220770575,113.587494337 22.1053734400001,113.519867384 22.1053734400001))"
The Republic of North Macedonia,MK,MKD,,Europe,"POLYGON((20.4441573490001 40.8493940230001,20.4441573490001 42.3703347790001,23.0095821530001 42.3703347790001,23.0095821530001 40.8493940230001,20.4441573490001 40.8493940230001))"
Madagascar,MG,MDG,,Africa,"POLYGON((43.2229110040001 -25.5985653629998,43.2229110040001 -11.9436174459998,50.5039168630001 -11.9436174459998,50.5039168630001 -25.5985653629998,43.2229110040001 -25.5985653629998))"
Malawi,MW,MWI,,Africa,"POLYGON((32.6633081470002 -17.1353353879999,32.6633081470002 -9.38123504699981,35.9042989500001 -9.38123504699981,35.9042989500001 -17.1353353879999,32.6633081470002 -17.1353353879999))"
Malaysia,MY,MYS,,Asia & Pacific,"POLYGON((99.6452280600001 0.851370341000077,99.6452280600001 7.35578034100014,119.278086785 7.35578034100014,119.278086785 0.851370341000077,99.6452280600001 0.851370341000077))"
Maldives,MV,MDV,,Asia & Pacific,"POLYGON((72.684825066 -0.688571872999901,72.684825066 7.10724518400015,73.7531844410002 7.10724518400015,73.7531844410002 -0.688571872999901,72.684825066 -0.688571872999901))"
Mali,ML,MLI,french,Africa,"POLYGON((-12.2641304119999 10.1400540170001,-12.2641304119999 24.9950645960001,4.23563765500012 24.9950645960001,4.23563765500012 10.1400540170001,-12.2641304119999 10.1400540170001))"
Malta,MT,MLT,,Europe,"POLYGON((14.1836043630001 35.801214911,14.1836043630001 36.0755882830001,14.5671492850001 36.0755882830001,14.5671492850001 35.801214911,14.1836043630001 35.801214911))"
Marshall Islands,MH,MHL,,Asia & Pacific,"POLYGON((165.282237175 4.57379791900016,165.282237175 14.6105003930001,172.029795769 14.6105003930001,172.029795769 4.57379791900016,165.282237175 4.57379791900016))"
Martinique,MQ,MTQ,french,Latin America & Caribbean,"POLYGON((-61.45513058755580005 15.08228819703027845,-61.4627083680961519 14.25146644735605861,-60.59126360595584515 14.236776826478728,-60.60389324018976254 15.07009326472681821,-61.45513058755580005 15.08228819703027845))"
Mauritania,MR,MRT,,Africa,"POLYGON((-17.0811748859999 14.7343989060002,-17.0811748859999 27.2854157510001,-4.8216131179999 27.2854157510001,-4.8216131179999 14.7343989060002,-17.0811748859999 14.7343989060002))"
Mauritius,MU,MUS,french,Africa,"POLYGON((56.5241805350002 -20.5173479149999,56.5241805350002 -10.3239071589999,63.493907097 -10.3239071589999,63.493907097 -20.5173479149999,56.5241805350002 -20.5173479149999))"
Mayotte,YT,MYT,french,Africa,"POLYGON((44.75463742209736751 -12.38267188126424401,44.74525428071978439 -13.26402716349270783,45.52874658574752686 -13.27620396291747085,45.50841644609611336 -12.37656190107421494,45.50841644609611336 -12.37656190107421494,44.75463742209736751 -12.38267188126424401))"
Mexico,MX,MEX,spanish,Latin America & Caribbean,"POLYGON((-118.368804229 14.5462829243643,-118.368804229 32.7128364050001,-86.7005916009999 32.7128364050001,-86.7005916009999 14.5462829243643,-118.368804229 14.5462829243643))"
Federated States of Micronesia,FM,FSM,english,Asia & Pacific,"POLYGON((138.063812696 0.918158270000148,138.063812696 9.77558014500013,163.046560092 9.77558014500013,163.046560092 0.918158270000148,138.063812696 0.918158270000148))"
Republic of Moldova,MD,MDA,,Europe,"POLYGON((26.617889038 45.461773987,26.617889038 48.4860338340001,30.1315763750001 48.4860338340001,30.1315763750001 45.461773987,26.617889038 45.461773987))"
Monaco,MC,MCO,french,Europe,"POLYGON((7.36575020700008 43.7179690770001,7.36575020700008 43.763505554,7.4374540320631 43.763505554,7.4374540320631 43.7179690770001,7.36575020700008 43.7179690770001))"
Mongolia,MN,MNG,,Asia & Pacific,"POLYGON((87.7357088630001 41.586144918,87.7357088630001 52.1295840460001,119.907026815 52.1295840460001,119.907026815 41.586144918,87.7357088630001 41.586144918))"
Montenegro,ME,MNE,,Europe,"POLYGON((18.4335307210001 41.852362372,18.4335307210001 43.5478856410001,20.3551705320001 43.5478856410001,20.3551705320001 41.852362372,18.4335307210001 41.852362372))"
Montserrat,MS,MSR,english,Latin America & Caribbean,"POLYGON((-62.2301326159999 16.6753604190001,-62.2301326159999 16.8193220070001,-62.1405330069999 16.8193220070001,-62.1405330069999 16.6753604190001,-62.2301326159999 16.6753604190001))"
Morocco,MA,MAR,,Africa,"POLYGON((-17.0137433253452 21.4199710975817,-17.0137433253452 35.926519149,-1.03199947099995 35.926519149,-1.03199947099995 21.4199710975817,-17.0137433253452 21.4199710975817))"
Mozambique,MZ,MOZ,portuguese,Africa,"POLYGON((30.2138452550002 -26.8602715039999,30.2138452550002 -10.4690080709999,40.8479923840001 -10.4690080709999,40.8479923840001 -26.8602715039999,30.2138452550002 -26.8602715039999))"
Myanmar,MM,MMR,,Asia & Pacific,"POLYGON((92.1749727790001 9.79071686400013,92.1749727790001 28.5384658810001,101.173855021 28.5384658810001,101.173855021 9.79071686400013,92.1749727790001 9.79071686400013))"
Namibia,NA,NAM,english,Africa,"POLYGON((11.7176212900001 -28.9593681839999,11.7176212900001 -16.9510572309999,25.2597807210001 -16.9510572309999,25.2597807210001 -28.9593681839999,11.7176212900001 -28.9593681839999))"
Nauru,NR,NRU,,Asia & Pacific,"POLYGON((166.906993035 -0.551853122999901,166.906993035 -0.490411065999922,166.958262566 -0.490411065999922,166.958262566 -0.551853122999901,166.906993035 -0.551853122999901))"
Nepal,NP,NPL,,Asia & Pacific,"POLYGON((80.03028772 26.3437678020001,80.03028772 30.4169041950001,88.1690674240001 30.4169041950001,88.1690674240001 26.3437678020001,80.03028772 26.3437678020001))"
Netherlands,NL,NLD,dutch,Europe,"POLYGON((-68.4173884759999 12.0220401060001,-68.4173884759999 53.5580915390001,7.19850590000004 53.5580915390001,7.19850590000004 12.0220401060001,-68.4173884759999 12.0220401060001))"
New Caledonia,NC,NCL,french,Asia & Pacific,"POLYGON((163.615733269 -22.6706682269998,163.615733269 -19.623711847,171.343765287 -19.623711847,171.343765287 -22.6706682269998,163.615733269 -22.6706682269998))"
New Zealand,NZ,NZL,english,Asia & Pacific,"POLYGON((164 -50, 164 -31, 180 -31, 180 -50, 164 -50))"
Nicaragua,NI,NIC,spanish,Latin America & Caribbean,"POLYGON((-87.6858210929999 10.7134815470002,-87.6858210929999 15.0309699500002,-82.7256973949999 15.0309699500002,-82.7256973949999 10.7134815470002,-87.6858210929999 10.7134815470002))"
Niger,NE,NER,french,Africa,"POLYGON((0.152941121000111 11.69577301,0.152941121000111 23.5173511760001,15.9703218990001 23.5173511760001,15.9703218990001 11.69577301,0.152941121000111 11.69577301))"
Nigeria,NG,NGA,english,Africa,"POLYGON((2.67108199000012 4.27216217700007,2.67108199000012 13.8802908320001,14.6699361570001 13.8802908320001,14.6699361570001 4.27216217700007,2.67108199000012 4.27216217700007))"
Niue,NU,NIU,,Asia & Pacific,"POLYGON((-169.95042884 -19.1427548159999,-169.95042884 -18.9640438779999,-169.782907681 -18.9640438779999,-169.782907681 -19.1427548159999,-169.95042884 -19.1427548159999))"
Norfolk Island,NF,NFK,english,Asia & Pacific,"POLYGON((167.912119988 -29.0800106749999,167.912119988 -28.9974911439999,167.996348504 -28.9974911439999,167.996348504 -29.0800106749999,167.912119988 -29.0800106749999))"
Democratic People's Republic Of Korea,KP,PRK,,Asia & Pacific,"POLYGON((124.211315989 37.6756045590001,124.211315989 43.010269878,130.699961785 43.010269878,130.699961785 37.6756045590001,124.211315989 37.6756045590001))"
Northern Mariana Islands,MP,MNP,english,Asia & Pacific,"POLYGON((144.902110222 14.1106631530001,144.902110222 20.5554059920001,145.868907097 20.5554059920001,145.868907097 14.1106631530001,144.902110222 14.1106631530001))"
Norway,NO,NOR,norwegian,Europe,"POLYGON((-9.11742102799991 -54.4624976539999,-9.11742102799991 80.7700869810001,33.6403914720001 80.7700869810001,33.6403914720001 -54.4624976539999,-9.11742102799991 -54.4624976539999))"
Oman,OM,OMN,,West Asia,"POLYGON((51.9786149500002 16.6424060302812,51.9786149500002 26.385972398,59.8445744150002 26.385972398,59.8445744150002 16.6424060302812,51.9786149500002 16.6424060302812))"
Pakistan,PK,PAK,english,Asia & Pacific,"POLYGON((60.8443787030001 23.6945254580001,60.8443787030001 37.0544835410001,77.0489709880002 37.0544835410001,77.0489709880002 23.6945254580001,60.8443787030001 23.6945254580001))"
Palau,PW,PLW,english,Asia & Pacific,"POLYGON((131.131114129 2.94904205900015,131.131114129 8.09661782863144,134.727342990799 8.09661782863144,134.727342990799 2.94904205900015,131.131114129 2.94904205900015))"
"Palestine, State of",PS,PSE,arabic,West Asia,"POLYGON((35.57636705547268008 32.55886806238076758,34.08904303553146065 32.58077251726608381,34.09770705894859333 31.1780705287746045,35.59658311011265397 31.16324414178279056,35.57636705547268008 32.55886806238076758))"
Panama,PA,PAN,spanish,Latin America & Caribbean,"POLYGON((-83.053246217 7.20571523600016,-83.053246217 9.62929248000016,-77.1632698159999 9.62929248000016,-77.1632698159999 7.20571523600016,-83.053246217 7.20571523600016))"
Papua New Guinea,PG,PNG,,Asia & Pacific,"POLYGON((140.84921106 -11.6363257789998,140.84921106 -1.34636809699988,155.96753991 -1.34636809699988,155.96753991 -11.6363257789998,140.84921106 -11.6363257789998))"
Paraguay,PY,PRY,spanish,Latin America & Caribbean,"POLYGON((-62.650357219 -27.5868421429999,-62.650357219 -19.2867286169999,-54.2452888589999 -19.2867286169999,-54.2452888589999 -27.5868421429999,-62.650357219 -27.5868421429999))"
Peru,PE,PER,spanish,Latin America & Caribbean,"POLYGON((-81.3375575289999 -18.3377462069379,-81.3375575289999 -0.0290927119998656,-68.6842524829999 -0.0290927119998656,-68.6842524829999 -18.3377462069379,-81.3375575289999 -18.3377462069379))"
Philippines,PH,PHL,,Asia & Pacific,"POLYGON((116.954925977 4.65570709800011,116.954925977 21.122381903,126.617686394 21.122381903,126.617686394 4.65570709800011,116.954925977 4.65570709800011))"
Pitcairn Islands,PN,PCN,english,Asia & Pacific,"POLYGON((-130.753081835 -25.0770809879998,-130.753081835 -23.9244117169999,-124.778065559 -23.9244117169999,-124.778065559 -25.0770809879998,-130.753081835 -25.0770809879998))"
Poland,PL,POL,,Europe,"POLYGON((14.123922973 48.9940131640001,14.123922973 54.8383242860001,24.1431563720001 54.8383242860001,24.1431563720001 48.9940131640001,14.123922973 48.9940131640001))"
Portugal,PT,PRT,portuguese,Europe,"POLYGON((-31.2849014959999 30.0292422550001,-31.2849014959999 42.15362966,-6.20594722499993 42.15362966,-6.20594722499993 30.0292422550001,-31.2849014959999 30.0292422550001))"
Puerto Rico,PR,PRI,spanish,Latin America & Caribbean,"POLYGON((-67.937814908 17.9229190120002,-67.937814908 18.522772528,-65.2446182929999 18.522772528,-65.2446182929999 17.9229190120002,-67.937814908 17.9229190120002))"
Qatar,QA,QAT,,West Asia,"POLYGON((50.750987175 24.5598715210001,50.750987175 26.16010163,51.6165470710001 26.16010163,51.6165470710001 24.5598715210001,50.750987175 24.5598715210001))"
Réunion,RE,REU,french,Africa,"POLYGON((54.7734730358464077 -20.58704343729541009,56.57544677748382611 -20.59234805584325301,56.58300222294143111 -21.68461948451714605,54.76402872902441032 -21.67935381821450846,54.7734730358464077 -20.58704343729541009))"
Romania,RO,ROU,,Europe,"POLYGON((20.2428259690001 43.6500499480001,20.2428259690001 48.2748322560001,29.6995548840001 48.2748322560001,29.6995548840001 43.6500499480001,20.2428259690001 43.6500499480001))"
Russian Federation,RU,RUS,russian,Europe,"POLYGON((19 39,19 100,180 100,180 39,19 39))"
Rwanda,RW,RWA,,Africa,"POLYGON((28.8572355550001 -2.82685475699989,28.8572355550001 -1.05869394899987,30.8878092850001 -1.05869394899987,30.8878092850001 -2.82685475699989,28.8572355550001 -2.82685475699989))"
Saint Barthélemy,BL,BLM,french,Latin America & Caribbean,"POLYGON((-62.8673396479999 17.8819847680001,-62.8673396479999 17.9291445980001,-62.7916560539999 17.9291445980001,-62.7916560539999 17.8819847680001,-62.8673396479999 17.8819847680001))"
"Saint Helena, Ascension and Tristan da Cunha",SH,SHN,english,Africa,"POLYGON((-14.4177139959999 -40.3978817689998,-14.4177139959999 -7.87786223799984,-5.65038001199986 -7.87786223799984,-5.65038001199986 -40.3978817689998,-14.4177139959999 -40.3978817689998))"
Saint Kitts and Nevis,KN,KNA,english,Latin America & Caribbean,"POLYGON((-62.8610733709999 17.1005313170001,-62.8610733709999 17.4158389340001,-62.5367732409999 17.4158389340001,-62.5367732409999 17.1005313170001,-62.8610733709999 17.1005313170001))"
Saint Lucia,LC,LCA,english,Latin America & Caribbean,"POLYGON((-61.078521288 13.7146670590001,-61.078521288 14.1118838560001,-60.8829646479999 14.1118838560001,-60.8829646479999 13.7146670590001,-61.078521288 13.7146670590001))"
Saint Martin,MF,MAF,french,Latin America & Caribbean,"POLYGON((-63.1468399729999 18.0333914721357,-63.1468399729999 18.1221377620001,-63.0107315749999 18.1221377620001,-63.0107315749999 18.0333914721357,-63.1468399729999 18.0333914721357))"
Saint Pierre and Miquelon,PM,SPM,french,North America,"POLYGON((-56.396595832 46.7527529970001,-56.396595832 47.1412621110001,-56.1447647779999 47.1412621110001,-56.1447647779999 46.7527529970001,-56.396595832 46.7527529970001))"
Saint Vincent and the Grenadines,VC,VCT,english,Latin America & Caribbean,"POLYGON((-61.4598282539999 12.5851504580001,-61.4598282539999 13.3807640650001,-61.1239314439999 13.3807640650001,-61.1239314439999 12.5851504580001,-61.4598282539999 12.5851504580001))"
Samoa,WS,WSM,,Asia & Pacific,"POLYGON((-172.782582161 -14.052829685,-172.782582161 -13.4628231749999,-171.437692838 -13.4628231749999,-171.437692838 -14.052829685,-172.782582161 -14.052829685))"
San Marino,SM,SMR,italian,Europe,"POLYGON((12.3856287450001 43.892055515,12.3856287450001 43.9825667860001,12.4923922540001 43.9825667860001,12.4923922540001 43.892055515,12.3856287450001 43.892055515))"
São Tomé and Príncipe,ST,STP,portuguese,Africa,"POLYGON((6.46168053500011 0.0241153020000695,6.46168053500011 1.69977448100016,7.46273847700007 1.69977448100016,7.46273847700007 0.0241153020000695,6.46168053500011 0.0241153020000695))"
Saudi Arabia,SA,SAU,,West Asia,"POLYGON((34.5727645190002 16.3709446840655,34.5727645190002 32.1213479620001,55.6375647380002 32.1213479620001,55.6375647380002 16.3709446840655,34.5727645190002 16.3709446840655))"
Senegal,SN,SEN,french,Africa,"POLYGON((-17.5360408189999 12.3056065880001,-17.5360408189999 16.6913853970001,-11.3777762449999 16.6913853970001,-11.3777762449999 12.3056065880001,-17.5360408189999 12.3056065880001))"
Serbia,RS,SRB,,Europe,"POLYGON((18.8449784750001 42.2349425250001,18.8449784750001 46.1738752240001,22.9845707600001 46.1738752240001,22.9845707600001 42.2349425250001,18.8449784750001 42.2349425250001))"
Seychelles,SC,SYC,french,Africa,"POLYGON((46.2073673840002 -9.75554778399989,46.2073673840002 -3.79111093499991,56.2874455090002 -3.79111093499991,56.2874455090002 -9.75554778399989,46.2073673840002 -9.75554778399989))"
Sierra Leone,SL,SLE,english,Africa,"POLYGON((-13.3010961579999 6.91941966400012,-13.3010961579999 9.99600596100012,-10.2822358799999 9.99600596100012,-10.2822358799999 6.91941966400012,-13.3010961579999 6.91941966400012))"
Singapore,SG,SGP,english,Asia & Pacific,"POLYGON((103.640391472 1.26430898600009,103.640391472 1.44863515800004,104.003428582 1.44863515800004,104.003428582 1.26430898600009,103.640391472 1.26430898600009))"
Sint Maarten,SX,SXM,dutch,Latin America & Caribbean,"POLYGON((-63.1188858709999 18.019110419,-63.1188858709999 18.0621092720001,-63.0175685850526 18.0621092720001,-63.0175685850526 18.019110419,-63.1188858709999 18.019110419))"
Slovakia,SK,SVK,,Europe,"POLYGON((16.8444804280001 47.7500064090001,16.8444804280001 49.601779684,22.5396366780001 49.601779684,22.5396366780001 47.7500064090001,16.8444804280001 47.7500064090001))"
Slovenia,SI,SVN,,Europe,"POLYGON((13.3652612710001 45.42363678,13.3652612710001 46.863962301,16.5153015540001 46.863962301,16.5153015540001 45.42363678,13.3652612710001 45.42363678))"
Solomon Islands,SB,SLB,english,Asia & Pacific,"POLYGON((155.507985873 -12.2906226539999,155.507985873 -6.59986744599981,168.825856967 -6.59986744599981,168.825856967 -12.2906226539999,155.507985873 -12.2906226539999))"
Somalia,SO,SOM,,Africa,"POLYGON((40.9653853760002 -1.69628316497764,40.9653853760002 11.9891186460002,51.4170378110001 11.9891186460002,51.4170378110001 -1.69628316497764,40.9653853760002 -1.69628316497764))"
South Africa,ZA,ZAF,,Africa,"POLYGON((16.4699813160001 -46.965752863,16.4699813160001 -22.1264519249999,37.9777938160001 -22.1264519249999,37.9777938160001 -46.965752863,16.4699813160001 -46.965752863))"
South Georgia and the South Sandwich Islands,GS,SGS,english,Polar,"POLYGON((-38.0870255199999 -59.4727515599998,-38.0870255199999 -53.9724260399999,-26.2393285799999 -53.9724260399999,-26.2393285799999 -59.4727515599998,-38.0870255199999 -59.4727515599998))"
Republic Of Korea,KR,KOR,,Asia & Pacific,"POLYGON((124.613617384 33.197577216,124.613617384 38.6243307589749,131.862521886 38.6243307589749,131.862521886 33.197577216,124.613617384 33.197577216))"
South Sudan,SS,SSD,english,Africa,"POLYGON((24.1215556230001 3.49020151800015,24.1215556230001 12.2161546840002,35.9208354090002 12.2161546840002,35.9208354090002 3.49020151800015,24.1215556230001 3.49020151800015))"
Spain,ES,ESP,spanish,Europe,"POLYGON((-18.1672257149999 27.6422386740001,-18.1672257149999 43.793443101,4.3370874360001 43.793443101,4.3370874360001 27.6422386740001,-18.1672257149999 27.6422386740001))"
Sri Lanka,LK,LKA,,Asia & Pacific,"POLYGON((79.6557723320001 5.92373281500015,79.6557723320001 9.82957591400015,81.8903100920001 9.82957591400015,81.8903100920001 5.92373281500015,79.6557723320001 5.92373281500015))"
Sudan,SD,SDN,,Africa,"POLYGON((21.8094486900001 8.6816417440001,21.8094486900001 22.2269648230001,38.6038517590002 22.2269648230001,38.6038517590002 8.6816417440001,21.8094486900001 8.6816417440001))"
Suriname,SR,SUR,dutch,Latin America & Caribbean,"POLYGON((-58.0676912029999 1.83350677500007,-58.0676912029999 6.01157376600013,-53.9863574539999 6.01157376600013,-53.9863574539999 1.83350677500007,-58.0676912029999 1.83350677500007))"
Svalbard and Jan Mayen,SJ,SJM,norwegian,Europe,"POLYGON((3.21139451598791048 81.14012459867460336,3.07106661542521131 75.60528773360711341,40.74910791651009134 75.48267997252779082,40.67894396622873643 81.18324633569147863,3.21139451598791048 81.14012459867460336))"
"Eswatini, the Kingdom of",SZ,SWZ,,Africa,"POLYGON((30.7829061280001 -27.3162643429999,30.7829061280001 -25.735999044,32.1173983160001 -25.735999044,32.1173983160001 -27.3162643429999,30.7829061280001 -27.3162643429999))"
Sweden,SE,SWE,swedish,Europe,"POLYGON((11.1081649100001 55.3426781270001,11.1081649100001 69.0363556930001,24.1634135340001 69.0363556930001,24.1634135340001 55.3426781270001,11.1081649100001 55.3426781270001))"
Switzerland,CH,CHE,german,Europe,"POLYGON((5.95480920400013 45.820718486,5.95480920400013 47.8011660770001,10.466626831 47.8011660770001,10.466626831 45.820718486,5.95480920400013 45.820718486))"
Syrian Arab Republic,SY,SYR,,West Asia,"POLYGON((35.7233992850002 32.313041687,35.7233992850002 37.3249063110001,42.377185506 37.3249063110001,42.377185506 32.313041687,35.7233992850002 32.313041687))"
"Taiwan, Province of China",TW,TWN,,Asia & Pacific,"POLYGON((118.279551629 21.9046084660001,118.279551629 25.287420966,122.005381707 25.287420966,122.005381707 21.9046084660001,118.279551629 21.9046084660001))"
Tajikistan,TJ,TJK,,Europe,"POLYGON((67.3426900630002 36.6786408490002,67.3426900630002 41.0399767050001,75.1641247970001 41.0399767050001,75.1641247970001 36.6786408490002,67.3426900630002 36.6786408490002))"
United Republic of Tanzania,TZ,TZA,,Africa,"POLYGON((29.3210315350001 -11.7312724819999,29.3210315350001 -0.985830179999823,40.4493921230001 -0.985830179999823,40.4493921230001 -11.7312724819999,29.3210315350001 -11.7312724819999))"
Thailand,TH,THA,,Asia & Pacific,"POLYGON((97.3514010010001 5.62989003500013,97.3514010010001 20.4450064090001,105.650997762 20.4450064090001,105.650997762 5.62989003500013,97.3514010010001 5.62989003500013))"
Timor-Leste,TL,TLS,portuguese,Asia & Pacific,"POLYGON((124.03003991 -9.5012277219999,124.03003991 -8.13502369599983,127.313243035 -8.13502369599983,127.313243035 -9.5012277219999,124.03003991 -9.5012277219999))"
Togo,TG,TGO,french,Africa,"POLYGON((-0.16610917099996 6.100490848287,-0.16610917099996 11.1349803670001,1.78235070800014 11.1349803670001,1.78235070800014 6.100490848287,-0.16610917099996 6.100490848287))"
Tokelau,TK,TKL,,Asia & Pacific,"POLYGON((-173.72105322967092889 -7.588559109840749,-169.10506604719779489 -7.52500498238050053,-169.00533792905793007 -10.33952722176985439,-173.70680635565094008 -10.48665560238172745,-173.72105322967092889 -7.588559109840749))"
Tonga,TO,TON,,Asia & Pacific,"POLYGON((-176.219309049 -22.3387997379999,-176.219309049 -15.5595028629999,-173.914255338 -15.5595028629999,-173.914255338 -22.3387997379999,-176.219309049 -22.3387997379999))"
Trinidad and Tobago,TT,TTO,english,Latin America & Caribbean,"POLYGON((-61.9287003249999 10.0420596370002,-61.9287003249999 11.3510602890001,-60.5220841139999 11.3510602890001,-60.5220841139999 10.0420596370002,-61.9287003249999 10.0420596370002))"
Tunisia,TN,TUN,,Africa,"POLYGON((7.4798323980001 30.2289053350001,7.4798323980001 37.3452009140002,11.5641309000001 37.3452009140002,11.5641309000001 30.2289053350001,7.4798323980001 30.2289053350001))"
Turkey,TR,TUR,turkish,Europe,"POLYGON((25.663259311 35.819778545,25.663259311 42.0987816430001,44.8069928290001 42.0987816430001,44.8069928290001 35.819778545,25.663259311 35.819778545))"
Turkmenistan,TM,TKM,,Europe,"POLYGON((52.4376706173443 35.140646871,52.4376706173443 42.791187643,66.6457816980001 42.791187643,66.6457816980001 35.140646871,52.4376706173443 35.140646871))"
Turks and Caicos Islands,TC,TCA,english,Latin America & Caribbean,"POLYGON((-72.481312629 21.2901065120001,-72.481312629 21.9592145850001,-71.1288956369999 21.9592145850001,-71.1288956369999 21.2901065120001,-72.481312629 21.2901065120001))"
Tuvalu,TV,TUV,,Asia & Pacific,"POLYGON((176.125254754 -9.42066822699981,176.125254754 -5.67750416499986,179.906748894 -5.67750416499986,179.906748894 -9.42066822699981,176.125254754 -9.42066822699981))"
Uganda,UG,UGA,english,Africa,"POLYGON((29.5484595130001 -1.47520599399984,29.5484595130001 4.21969187500011,35.0064726150001 4.21969187500011,35.0064726150001 -1.47520599399984,29.5484595130001 -1.47520599399984))"
Ukraine,UA,UKR,,Europe,"POLYGON((22.1328398030001 44.381048895,22.1328398030001 52.3689492800001,40.1595430910002 52.3689492800001,40.1595430910002 44.381048895,22.1328398030001 44.381048895))"
United Arab Emirates,AE,ARE,,West Asia,"POLYGON((51.5693465500001 22.6209459430001,51.5693465500001 26.0747919720001,56.3836369150001 26.0747919720001,56.3836369150001 22.6209459430001,51.5693465500001 22.6209459430001))"
United Kingdom of Great Britain and Northern Ireland,GB,GBR,english,Europe,"POLYGON((-13.6913142569999 49.9096133480001,-13.6913142569999 60.84788646,1.77116946700002 60.84788646,1.77116946700002 49.9096133480001,-13.6913142569999 49.9096133480001))"
United States of America,US,USA,english,North America,"POLYGON((-180 19, -180 71,-50 71,-50 19,-180 19))"
United States Minor Outlying Islands,UM,UMI,english,Latin America & Caribbean,"POLYGON((-177.389597134 -0.388767184999892,-177.389597134 28.2153181010001,166.652354363 28.2153181010001,166.652354363 -0.388767184999892,-177.389597134 -0.388767184999892))"
United States Virgin Islands,VI,VIR,english,Latin America & Caribbean,"POLYGON((-65.0414934419999 17.6827660180001,-65.0414934419999 18.3865986140001,-64.5593969389999 18.3865986140001,-64.5593969389999 17.6827660180001,-65.0414934419999 17.6827660180001))"
Uruguay,UY,URY,spanish,Latin America & Caribbean,"POLYGON((-58.4393611319999 -34.9734026019999,-58.4393611319999 -30.0968698119999,-53.1108361419999 -30.0968698119999,-53.1108361419999 -34.9734026019999,-58.4393611319999 -34.9734026019999))"
Uzbekistan,UZ,UZB,,Europe,"POLYGON((55.9758386630001 37.1851474,55.9758386630001 45.5587189740001,73.1486405840002 45.5587189740001,73.1486405840002 37.1851474,55.9758386630001 37.1851474))"
Vanuatu,VU,VUT,,Asia & Pacific,"POLYGON((166.520518425 -20.2531063779999,166.520518425 -13.0648739559998,169.898936394 -13.0648739559998,169.898936394 -20.2531063779999,166.520518425 -20.2531063779999))"
Venezuela (Bolivarian Republic of),VE,VEN,spanish,Latin America & Caribbean,"POLYGON((-73.3911486409999 0.649315491000067,-73.3911486409999 15.7029483090001,-59.815594849 15.7029483090001,-59.815594849 0.649315491000067,-73.3911486409999 0.649315491000067))"
Viet Nam,VN,VNM,,Asia & Pacific,"POLYGON((102.118655233 8.56557851800015,102.118655233 23.3662751270001,109.472422722 23.3662751270001,109.472422722 8.56557851800015,102.118655233 8.56557851800015))"
Wallis and Futuna,WF,WLF,french,Asia & Pacific,"POLYGON((-178.185739713 -14.3194312479999,-178.185739713 -13.208916925,-176.125599739 -13.208916925,-176.125599739 -14.3194312479999,-178.185739713 -14.3194312479999))"
Western Sahara,EH,ESH,,Africa,"POLYGON((-17.1046443349999 20.7669131530001,-17.1046443349999 27.6614653400001,-8.68080908199988 27.6614653400001,-8.68080908199988 20.7669131530001,-17.1046443349999 20.7669131530001))"
Yemen,YE,YEM,,West Asia,"POLYGON((42.5457462900001 12.1114436720001,42.5457462900001 18.9956375130001,54.5402938160002 18.9956375130001,54.5402938160002 12.1114436720001,42.5457462900001 12.1114436720001))"
Zambia,ZM,ZMB,english,Africa,"POLYGON((21.9798775630001 -18.0692318719999,21.9798775630001 -8.1941240429999,33.674202515 -8.1941240429999,33.674202515 -18.0692318719999,21.9798775630001 -18.0692318719999))"
Zimbabwe,ZW,ZWE,,Africa,"POLYGON((25.219369751 -22.3973397829999,25.219369751 -15.6148080449999,33.0427681890002 -15.6148080449999,33.0427681890002 -22.3973397829999,25.219369751 -22.3973397829999))"
